intent,hindi
ask_payment_link,क्या आप प्लीज  पेमेंट लिंक भेज सकते है ?
ask_payment_link,मुझे पेमेंट लिंक टेक्स्ट कर दीजिये 
ask_payment_link,पेमेंट लिंक कहा है 
ask_payment_link,पेमेंट लिंक भेज दीजिये 
ask_payment_link,क्या आप भुगतान लिंक भेज सकते हैं
ask_payment_link, आपके लिए पेमेंट लिंक फिरसे भेजना पॉसिबल है ?
ask_payment_link,पेमेंट लिंक क्या है 
ask_payment_link,मुझे पेमेंट लिंक चाहिए 
ask_payment_link,क्या आप पेमेंट लिंक  मैसेज कर सकते हैं 
ask_payment_link,पेमेंट लिंक व्हाट्सप्प  कर दो 
ask_payment_link,पेमेंट लिंक ईमेल कर दो 
ask_payment_link,जल्द से जल्द भुगतान लिंक साझा करें
ask_payment_link,क्या आपको पेमेंट लिंक भेजने  में कोई दिक्कत है
ask_payment_link,"मैं पेमेंट करना चाहता हूं, इसलिए मुझे भुगतान लिंक का जल्दी  भेजें"
ask_payment_link,कृपया पेमेंट लिंक भेजके मेरी सहायता करे 
ask_payment_link,कृपया पेमेंट लिंक भेज दीजिये 
ask_payment_link,मैं इस महीने के लिए किस्त का पेमेंट करना चाहता हूं। लिंक कहां है?
ask_payment_link,पेमेंट लिंक कहा मिलेगी?
ask_payment_link,"कृपया भुगतान लिंक भेजें, इसकी तत्काल आवश्यकता है"
ask_payment_link,पेमेंट लिंक दीजिये 
ask_payment_link,मैं बहुत समय से पेमेंट लिंक के लिए कह रहा हूं। अब कृपया इसे भेजें
ask_payment_link,मेरे व्हाट्सएप नंबर पर पेमेंट लिंक भेजें
ask_payment_link,मुझे  लिंक की सहायता चाहिए। क्या आप इसे भेज सकते हैं?
ask_payment_link,पेमेंट लिंक अभी भेज दो। मैं पैसे भर दूंगा 
ask_payment_link,मैसेज पे भेजदो पेमेंट लिंक 
ask_payment_link,मुझे पेमेंट लिंक नहीं मिल रहा है। कृपया इसे पुनः भेजें।
ask_payment_link,क्या मुझे पेमेंट लिंक मिल सकती है 
ask_payment_link,कृपया ईमेल के माध्यम से पेमेंट लिंक भेज दीजिये 
ask_payment_link,फिरसे लिंक भेजिए मैं अभी पेमेंट करता हूँ 
ask_payment_link,मुझे लिंक भेजिए मैं कुछ ही समय में पेमेंट करता हूँ 
ask_payment_link,मुझे लिंक भेज दीजिये जल्दी ही पेमेंट कर दूंगा 
ask_payment_link,मुझे पेमेंट लिंक मैसेज कर दीजिये मैं अभी भेजता हूँ 
ask_payment_link,मुझे पेमेंट लिंक ईमेल कर दीजिये 
ask_payment_link,मुझे लिंक दीजिये मैं अभी पेमेंट करता हूँ 
ask_payment_link,मैं अभी तुरंत पेमेंट करता हूँ आप मुझे बस पेमेंट लिंक भेजिए 
ask_payment_link,मुझे लिंक इनबॉक्स कीजिये मैं पेमेंट करता हूँ 
ask_payment_link,मुझे पेमेंट लिंक भेजने के साथ याद दिलाये मैं पेमेंट कर दूंगा 
ask_payment_link,मुझे लिंक भेजिए मैं  तुरंत करता हूँ 
ask_payment_link,क्या आप पेमेंट लिंक दूसरे नंबर पे शेयर कर सकते हैं 
ask_payment_link,मैं पेमेंट भेज दूंगा आप मुझे लिंक भेजिए 
ask_payment_link,कृपया मुझे लिंक भेजिए मैं अभी तुरंत पेमेंट करता दूंगा 
ask_payment_link,कृपया जल्दी ही मुझसे लिंक साझा कीजिये 
ask_payment_link,मुझे लिंक कहाँ मिल सकता है ?
ask_payment_link,कृपया क्या आप लिंक के साथ मेरी मदद करेंगे 
ask_payment_link,मुझे लिंक मेल कीजिये मैं अभी पेमेंट करता हूँ 
ask_payment_link,मुझे मालूम नहीं है की मेरे पास लिंक है या नहीं क्या आप दोबारा मुझे भेज सकते हैं 
ask_payment_link,अगर आपको आपत्ति न हो तो पेमेंट लिंक दोबारा भेज सकते हैं
ask_payment_link,मुझे पेमेंट लिंक पे गाइड कीजिये 
ask_payment_link,पेमेंट कैसे करना हैं क्या आप मेरी सहायता कर सकते हैं पेमेंट लिंक से 
ask_payment_link,मैं अभी तुरंत पेमेंट करता हूँ मुझे बस लिंक भेजिए 
ask_payment_link,कृपया मेरे अल्टरनेट नंबर पर लिंक भेजिए 
ask_payment_link,कैसे रहेगा अगर आप मुझे लिंक दोबारा भेजे तो ?
ask_payment_link,क्या आप पेमेंट लिंक के साथ मुझे मैसेज भेज सकते हैं ?
ask_payment_link,अगर आपको आपत्ति ना होतो लिंक मेरे दूसरे नंबर पर भेज सकते हैं क्या 
ask_payment_link,क्या आप मेरे व्हाट्सप्प पर लिंक भेज सकते हैं ?
ask_payment_link,बस मेरे नंबर पे लिंक दोबारा भेजिए 
pay_later,में  वीकेंड पे करता हु 
pay_later,मैं दिन के अंत तक भुगतान करूंगा
pay_later,मैं कुछ दिनों में भुगतान करूँगा
pay_later,मैं जल्द हे पेमेंट कर दूंगा 
pay_later,मैं कल तक पैसे भर दूंगा 
pay_later,मैं इ एम आई इस हफ्ते  मे भर दूंगा 
pay_later,मैं महीने के आखिर तक ई  एम आई भर दूंगा 
pay_later,"मैं फ्री होते हे पेमेंट कर दुगा , अभी बिजी हूँ "
pay_later,मैं कुछ समय में भुगतान कर दूंगा
pay_later,मई पंधरा दिन के आदर पैसे दे दूंगा 
pay_later,मैं अभी ऑफिस में हूँ। घर जाके पेमेंट करता हूँ 
pay_later,मेरा सैलरी  मिलते ही मैं ईएमआई का भुगतान करूंगा
pay_later,मैं फ्राइडे तक इन्सटॉलमेंट भर दूंगा 
pay_later,मैं बाद में भुगतान करूंगा
pay_later,मैं अगले महीने की  ईएमआई  के साथ इस महीने की  ईएमआई दे दूंगा 
pay_later,मैं अभी पैसे नहीं दे सकता। मुझे थोड़ा टाइम चाहिए 
pay_later,मैं अभी पैसे नहीं दे सकता। अगले हफ्ते तक देता हु
pay_later,मैं अभी वेकेशन पे हूँ।  आके पेमेंट करता हु 
pay_later,एक - दो घंटो में पैसे दे भर दूंगा 
pay_later,सॉरी मैं बादमे पे करूँगा 
pay_later,सॉरी आज पे नहीं कर सकता 
pay_later,"नहीं, मैं आज पे नहीं कर पाऊंगा। मैं बाद मे करूंगा"
pay_later,"नहीं, मैं आज पे नहीं  करूंगा। मैं बाद मे करूंगा"
pay_later,नहीं मैं अभी पे नहीं करुगा।  कल करूँगा 
pay_later,मैं बादमे पपेमेंट करूँगा
pay_later,सॉरी मैं थोड़े दिन के बाद हे पेमेंट कर पाउगा 
pay_later,हा  जरूर पे करूँगा बादमे 
pay_later,अभी पे नहीं करूँगा 
pay_later,मैं बादमे पेकरने वाला हूँ 
pay_later,मैं मंथ एन्ड तक पेकर दूंगा 
pay_later,मैं बाद में पेमेंट करूँगा
pay_later,मैं कुछ समय के बाद पेमेंट करता हूँ
pay_later,मुझे कुछ समय दीजिये मैं जल्दी ही कर दूंगा
pay_later,अभी मैं नहीं कर सकता और समय की जरुरत है
pay_later,मैं बाद में पेमेंट करूँगा अभी मैं आउट ऑफ़ स्टेशन हूँ
pay_later,बहुत शीघ्र ही मैं पेमेंट कर दूंगा
pay_later,शायद मुझे और समय चाहिए होगा पेमेंट करने के लिए
pay_later,अभी ये संभव नहीं है मैं कोशिश करूँगा शीघ्र ही करने का
pay_later,जितना जल्दी हो सके मैं पेमेंट करने की कोशिश करूँगा
pay_later,पेमेंट करने में थोड़ी देर होगी
pay_later,पेमेंट करने में देर होगी कुछ पर्सनल प्रॉब्लम  की वजह से
pay_later,मैं जल्दी या देर से पर पेमेंट जरूर करूँगा
pay_later,मैं अभी किसी काम के बीच में हूँ उसके बाद मैं करूँगा
pay_later,इस बार पेमेंट लेट होगा
pay_later,मैं थोड़ी देर बाद ईएमआई पेमेंट करूँगा
pay_later,अगले दिन पेमेंट हो जायेगा
pay_later,पेमेंट बाद में किया जायेगा
pay_later,मैं किसी और दिन पेमेंट कर दूंगा
pay_later,मैं अगली बार पेमेंट कर दूंगा
pay_later,आने वाले कुछ दिनों में मैं पेमेंट कर दूंगा
pay_later,जल्दी ही मैं पेमेंट पूरा कर दूंगा
pay_later,बाद में मैं पेमेंट कर दूंगा
pay_later,आने वाले हफ्ते में मैं पेमेंट कर दूंगा
pay_later,मुझे एक हफ्ते का समय चाहिए पेमेंट करने के लिए
pay_later,जितना जल्दी हो सकेगा मैं पेमेंट कर दूंगा
pay_later,थोड़ी देर में पेमेंट कर दिया जायेगा
pay_later,थोड़ा और समय लगेगा पेमेंट पूरा करने में
pay_later,पेमेंट सेटल करने के लिए मुझे कुछ दिन और चाहिए
pay_later,मैं किसी और दिन पेमेंट कर दूंगा
inform_payment_delay_reason,मैं ऑफिस के काम में बिजी हूँ
inform_payment_delay_reason,मैं अभी शहर से बाहर हूँ और यहाँ नेटवर्क इशू  है।
inform_payment_delay_reason,मैंने पेमेंट करने की कोशिश की लेकिन कुछ नेटवर्क समस्या थी।
inform_payment_delay_reason,फॅमिली इमरजेंसी हो गयी थी 
inform_payment_delay_reason,इस  महीने में थोड़े ज्यादा खर्चे हुए 
inform_payment_delay_reason,बिजनेस में बहुत नुक्सान हो रहे है 
inform_payment_delay_reason,आपने बताया नहीं पेमेंट कब दू  हैं 
inform_payment_delay_reason,मैंने हाल ही में अपना बैंक बदला है।अकाउंट चालू होने में टाइम लगेगा 
inform_payment_delay_reason,मेरे जॉब चले गए है'
inform_payment_delay_reason,मैं अभी ठीक नहीं हूँ
inform_payment_delay_reason,मेरे पास ई एम आए देनेके लिए पैसे नहीं है 
inform_payment_delay_reason,मेरा एक्सीडेंट होगया था 
inform_payment_delay_reason,मेरे पास नौकरी नहीं है और इसलिए  पैसे नहीं  है 
inform_payment_delay_reason,मैं भूल गया था। जल्द से जल्द भर दूंगा 
inform_payment_delay_reason,मुझे  लगा मैंने आखरी ई एम आए भर दी थी 
inform_payment_delay_reason,मेरे थोड़े फाइनेंसियल प्रॉब्लम चल रहे है 
inform_payment_delay_reason,वहाँ एक इमरजेंसी आगये थी  इसलिए मैं अभी पैसे पर कम हूँ
inform_payment_delay_reason,में बहुत कम नेटवॉक क्षेत्र में हूँ
inform_payment_delay_reason,मेरे पास अब नौकरी नहीं है
inform_payment_delay_reason,"मैं बीमार था और काम नहीं कर सकता था, इसलिए मुझे इस महीने पूरी सैलरी नहीं मिली "
inform_payment_delay_reason,मेरे परिवार में एक मेडिकल इमरजेंसी थी जिसके लिए मुझे बहुत पैसा खर्च करना पड़ा
inform_payment_delay_reason,मैंने इस बार एक और इन्वेस्टमेंट किया इसलिए कॅश की कमी  है 
inform_payment_delay_reason,बिज़नेस में ज्यादा प्रॉफिट नहीं हुआ है इस महीने में
inform_payment_delay_reason,इस बार पैसे जमा नहीं कर सके
inform_payment_delay_reason,मैंने अपना बैंक अकाउंट ब्लॉक करवाया है। नया अकाउंट शुरू होने में टाइम लगेगा 
inform_payment_delay_reason,मुझे इस बार पेमेंट के लिए रिमाइंडर ही नहीं आया 
inform_payment_delay_reason,मेरे पास अभी पैसे नहीं है 
inform_payment_delay_reason,मैं  बिज़नेस ट्रिप पे गया था 
inform_payment_delay_reason,थोड़े फाइनेंसियल प्रोब्लेम्स चल रहे है 
inform_payment_delay_reason,मुझे इस महीने की  सैलरी नहीं मिली है अब तक
inform_payment_delay_reason,सैलरी लेट होने  की वजह से मैं अभी पेमेंट नहीं कर सकता मैं बाद में पेमेंट करूँगा 
inform_payment_delay_reason,मैं अभी आउट ऑफ़ कंट्री हूँ मैं वापस आने के बाद पेमेंट करूँगा 
inform_payment_delay_reason,दरअसल मेरी नौकरी चली गयी है इसलिए पेमेंट में देरी होगी 
inform_payment_delay_reason,मैं बिज़नेस में समस्याओं का सामना कर रहा हूँ इस बार इऍमआई बाद में पेमेंट करूँगा 
inform_payment_delay_reason,मेरे यहाँ मेडिकल इमरजेंसी थी इसलिए इऍमआई का पेमेंट बाद में करूँगा 
inform_payment_delay_reason,कम सेल्स होने के कारण मैं बिज़नेस में नुकसान का सामना कर रहा हूँ इसलिए बाद में पेमेंट करूँगा 
inform_payment_delay_reason,दरअसल इस बार मैं पेमेंट नहीं कर पाऊंगा फाइनेंसियल दिक्कत की वजह से 
inform_payment_delay_reason,मेरे एकाउंटिंग प्रक्टिसेस में गड़बड़ी के कारण पेमेंट में देरी हो रही है 
inform_payment_delay_reason,नौकरी खोने के वजह से मैं बाद में पेमेंट करूँगा 
inform_payment_delay_reason,आर्थिक संकट के कारण मेरी रेवेन्यू बहुत कम हो रही है इसलिए मैं बाद में पेमेंट करूँगा 
inform_payment_delay_reason,मुझे हेल्थ की दिक्कत होने के कारण बाद में पेमेंट करूँगा 
inform_payment_delay_reason,मेरी आर्थिक स्तिथि अच्छी नहीं होने के कारन बाद में पेमेंट करूँगा 
inform_payment_delay_reason,फॅमिली में परेशानी की वजह से पेमेंट में देरी होगी 
inform_payment_delay_reason,मैं बाद में पेमेंट करूँगा क्यूंकि अभी मुझे सैलरी नहीं मिली है 
inform_payment_delay_reason,मैं बाद में पेमेंट करूँगा क्यूंकि मेरे खाते में कुछ गड़बड़ है 
inform_payment_delay_reason,मैं बाद में पेमेंट करूँगा क्यूंकि मैं अभी आउट ऑफ़ स्टेशन हूँ 
inform_payment_delay_reason,आर्थिक ब्रेकडाउन की वजह से मेरी नौकरी चली गयी है इसीलिए मैं बाद में पेमेंट करूँगा 
inform_payment_delay_reason,मेरा नेट बैंकिंग लॉक हो गया है नेट बैंकिंग काम करते ही मैं पेमेंट करूँगा 
inform_payment_delay_reason,गलत पिन की  वजह से मेरा कार्ड ब्लॉक हो गया  है इसलिए बाद में पेमेंट करूँगा 
inform_payment_delay_reason,गलत अकाउंट में पैसे भेजने की वजह से मैंने पैसे खो दिए हैं इसलिए बाद में पेमेंट करूँगा 
inform_payment_delay_reason,नौकरी खोने की वजह से मैं बाद में इऍमआई दूंगा 
inform_payment_delay_reason,मुझे लगा आलरेडी  पेमेंट हो चूका है 
inform_payment_delay_reason,ज़्यादा खर्च की वजह से मेरे पास कम कॅश ही हैं 
inform_payment_delay_reason,मैं अपनी  नौकरी  बदल रहा हूँ इसीलिए ज्वाइन करने के बाद पेमेंट करूँगा 
inform_payment_delay_reason,मेरी सेहत अच्छी नहीं थी और बहुतसारे मेडिकल खर्चे थे 
inform_payment_delay_reason,मेरा ऑटो डेबिट काम नहीं कर रहा है इसीलिए कुछ समय में पेमेंट करता हूँ 
inform_payment_delay_reason,मैंने सोचा की मेरे सैलरी अकाउंट से खुद ही डेबिट हो जायेगा 
inform_payment_delay_reason,मुझे बकाया पेमेंट के लिए कोई रिमाइंडर नहीं मिला 
inform_payment_delay_reason,किसी इमरजेंसी के लिए मैं बाहर हूँ वापस आके मैं पेमेंट करता हूँ 
inform_payment_delay_reason,मैं वित्तीय संकट का सामना कर रहा हूँ उसका समाधान करते ही मैं पेमेंट कर दूंगा 
inform_payment_delay_reason,लिंक डिलीट हो गया था और मैं आप तक पहुंच नहीं सका 
inform_dont_have_sms,कोई मैसेज  नहीं मिला
inform_dont_have_sms,मुझे कोई  मैसेज नहीं मिला है
inform_dont_have_sms,मुझे मैसेज मिल नहीं रहा. क्या आप फिरसे भेज सकते है
inform_dont_have_sms,मैसेज ही नहीं मिला 
inform_dont_have_sms,मेरे पास मैसेज नहीं है 
inform_dont_have_sms,मैसेज नहीं मिल रहा 
inform_dont_have_sms,मुझे कोई मेसाहे डिलीवर नहीं हुआ है 
inform_dont_have_sms,मुझे कोई मैसेज नहीं आया है 
inform_dont_have_sms,मेरे पास ऐसा कोई मैसेज नहीं है 
inform_dont_have_sms,आपने मुझे मैसेज नहीं भेजा ?
inform_dont_have_sms,"नहीं  , मुझे मैसेज नहीं आया है "
inform_dont_have_sms,मुझे मैसेज  नहीं दिया गया था
inform_dont_have_sms,मैसेज फिरसे भेज दो 
inform_dont_have_sms,मैसेज फिरसे भेज दो. पहला वाला मिल नहीं रहा 
inform_dont_have_sms,मेरे पास मैसेज नहीं है 
inform_dont_have_sms,"नहीं , मैसेज नहीं है "
inform_dont_have_sms,मुझे आपका मैसेज नहीं मिला 
inform_dont_have_sms,अब तक आप से  एक भी मैसेज नहीं आया है  
inform_dont_have_sms,मैंने गलतीसे मैसेज डिलीट कर दिया. क्या आप फिरसे भेज सकते है ?
inform_dont_have_sms,मुझे मैसेज नहीं मिला 
inform_dont_have_sms,मुझे आपका नहीं आया 
inform_dont_have_sms,मुझे आपका मैसेज नहीं मिला रहा 
inform_dont_have_sms,मुझे मैसेज ही  मिल नहीं रहा.
inform_dont_have_sms,मुझे मैसेज चाहिए.मेरे पास नहीं है 
inform_dont_have_sms,मैंने मैसेज ढूंढा पर मुझे नहीं मिला. आप फिरसे भेज दीजिये 
inform_dont_have_sms,मैसेज नहीं है 
inform_dont_have_sms,मुझे कोई मैसेज नहीं प्राप्त हुआ है पेमेंट के लिए
inform_dont_have_sms,मुझे कोई मैसेज नहीं मिली पेमेंट की जानकारी के लिए
inform_dont_have_sms,मुझे पेमेंट अपडेट को लेकर कोई मैसेज नहीं मिला
inform_dont_have_sms,पेमेंट को लेकर मुझे कोई एसमएस नहीं मिल रहा है
inform_dont_have_sms,मुझे कोई मैसेज नहीं मिला है उसपे
inform_dont_have_sms,पेमेंट को लेकर मुझे कोई मैसेज नहीं डिलीवर हुआ था
inform_dont_have_sms,पेमेंट को लेकर मुझे कोई मैसेज नहीं मिल रहा है
inform_dont_have_sms,मेरे इनबॉक्स में ऐसे कोई मैसेज नहीं हैं
inform_dont_have_sms,गलती से मैसेज डिलीट हो गया फिरसे भेजें
inform_dont_have_sms,मैं अपडेट का इंतज़ार कर रहा था मुझे उसपे कोई नोटिफिकेशन नहीं मिला है
inform_dont_have_sms,मुझे अभी तक कोई मैसेज नहीं मिले हैं
inform_dont_have_sms,क्या आपने मुझे अवगत कराया था मैसेज के बारे में ?
inform_dont_have_sms,मैंने इनबॉक्स चेक किया कोई मैसेज नहीं मिले मुझे
inform_dont_have_sms,क्या आप सुनिश्चित हैं कि आपने मुझे संदेश भेजा था
inform_dont_have_sms,पता नहीं क्यों पेमेंट मैसेज मेरे इनबॉक्स में नहीं दिख रहा है
inform_dont_have_sms,मैसेज ढूंढ रहा हूँ पर मिल नहीं रहा है
inform_dont_have_sms,आपकी तरफ से मेरे पास कोई मैसेज नहीं है
inform_dont_have_sms,मुझे एसएमएस नहीं मिल रहा हैं फिर से भेजें
inform_dont_have_sms,कोई एसएमएस नहीं प्राप्त हुआ था फिर से भेजें
inform_dont_have_sms,एसएमएस के बारे में मुझे  कोई जानकारी नहीं है
inform_dont_have_sms,मुझे मैसेज प्राप्त होने की कोई जानकारी नहीं है
inform_dont_have_sms,मुझे एसएमएस नहीं मिला मैं दोबारा चेक करता हूँ
inform_dont_have_sms,मुझे पेमेंट को लेकर कोई मैसेज नहीं दिया गया था
inform_dont_have_sms,मुझे पक्का मालूम है आपके द्वारा मुझे कोई मैसेज नहीं दिया गया है
inform_dont_have_sms,कृपया फिरसे भेजिए मुझे मैसेज नहीं मिल रहा है
inform_dont_have_sms,आपके द्वारा मुझे कोई पेमेंट मैसेज नहीं मिला है
inform_dont_have_sms,मैंने पेमेंट एसअमएस के बारे में ध्यान नहीं दिया
inform_dont_have_sms,कोई मैसेज शेयर नहीं किया गया है
inform_dont_have_sms,आपके द्वारा कोई मैसेज नहीं मिला है
inform_dont_have_sms,मैंने पेमेंट को लेकर कोई एसएमएस नहीं देखा
inform_dont_have_sms,मुझे पेमेंट पर कोई संदेश नहीं आया
inform_dont_have_payment_link,मुझे अभी तक भुगतान लिंक नहीं मिला है
inform_dont_have_payment_link,मेरे पास पेमेंट लिंक नहीं है 
inform_dont_have_payment_link,पेमेंट लिंक वाला मैसेज नहीं आया 
inform_dont_have_payment_link,कृपया पेमेंट लिंक भेज दो 
inform_dont_have_payment_link,क्या आप पेमेंट लिंक भजक मेरे मदद कर सकते है 
inform_dont_have_payment_link,पेमेंट लिंक मिली ही नहीं है 
inform_dont_have_payment_link,मुझे पेमेंट लिंक नहीं मिला है
inform_dont_have_payment_link,नहीं मेरे पास पेमेंट लिंक नहीं है 
inform_dont_have_payment_link,मुझे पेमेंट लिंक नहीं मिल रही है फिरसे भेज दो 
inform_dont_have_payment_link,यह लिंक एक्सपिरे होगयी है। दूसरी भेजो 
inform_dont_have_payment_link,मुझे कोई पेमेंट लिंक नहीं भेजी गयी है 
inform_dont_have_payment_link,नहीं मेरे पास पेमेंट लिंक नहीं है 
inform_dont_have_payment_link,पेमेंट लिंक नहीं मिल रही 
inform_dont_have_payment_link,नयी लिंक भेज दीजिये।  पुराणी लिंक काम नहीं कर रही 
inform_dont_have_payment_link,मुझे लिंक नहीं दी गयी है 
inform_dont_have_payment_link,मुझे कोई पेमेंट लिंक नहीं मिल रही
inform_dont_have_payment_link,लिंक नहीं मिल रही 
inform_dont_have_payment_link,लिंक कही  नहीं मिल रही 
inform_dont_have_payment_link,पेमेंट लिंक प्राप्त नहीं हुआ
inform_dont_have_payment_link,पेमेंट के लिए लिंक नहीं मिली है 
inform_dont_have_payment_link,मैं आपको यह बताना छठा हु के मुझे पेमेंट लिंक नहीं मिली है 
inform_dont_have_payment_link,पेमेंट लिंक नहीं है 
inform_dont_have_payment_link,कोई लिंक नहीं है मेरे पास 
inform_dont_have_payment_link,मैंने लिंक ढूंढा नहीं मिला 
inform_dont_have_payment_link,लिंक नहीं है
inform_dont_have_payment_link,लिंक नहीं है मेरे पास
inform_dont_have_payment_link,कोई पेमेंट लिंक नहीं
inform_dont_have_payment_link,पेमेंट लिंक अनुपस्थित है
inform_dont_have_payment_link,पेमेंट करनेके लिए लिंक नहीं है 
inform_dont_have_payment_link,नहीं मिली लिंक 
inform_dont_have_payment_link,पेमेंट लिंक नहीं मिल रहा है
inform_dont_have_payment_link,मेरे पास पेमेंट लिंक नहीं है
inform_dont_have_payment_link,पेमेंट लिंक फिर से भेजिए
inform_dont_have_payment_link,पेमेंट लिंक फिर से साझा कीजिये
inform_dont_have_payment_link,मुझे पेमेंट लिंक नहीं मिला
inform_dont_have_payment_link,पेमेंट लिंक वाला मैसेज डिलीट हो गया
inform_dont_have_payment_link,क्या आप फिर से पेमेंट लिंक भेज सकते हैं
inform_dont_have_payment_link,फिर से लिंक साझा कीजिये
inform_dont_have_payment_link,शेयर किया हुआ पेमेंट लिंक गुम हो गया
inform_dont_have_payment_link,मुझे कोई पेमेंट लिंक नहीं मिला
inform_dont_have_payment_link,मुझे फिर से लिंक दीजिये
inform_dont_have_payment_link,क्या आप मुझे पेमेंट लिंक पिंग कर सकते हैं
inform_dont_have_payment_link,मेरे पास नई पेमेंट लिंक नहीं है फिर से मुझे लिंक शेयर कीजिये
inform_dont_have_payment_link,पुरानी लिंक काम नहीं कर रही है मुझे नई लिंक चाहिए
inform_dont_have_payment_link,मुझे लिंक बिलकुल भी नहीं मिल रही है
inform_dont_have_payment_link,मुझे लिंक वाली ईमेल नहीं मिली
inform_dont_have_payment_link,मेरे नंबर पे लिंक उपलब्ध कराएं
inform_dont_have_payment_link,मुझे फिर से लिंक दिखाएँ
inform_dont_have_payment_link,मुझे नया लिंक भेजें
inform_dont_have_payment_link,मैं आपको दूसरा नंबर भेजता हूँ उसी नंबर पे लिंक भेजिए
inform_dont_have_payment_link,मैं आपको सूचित करना चाहता हूँ की मुझे लिंक नहीं मिला है
inform_dont_have_payment_link,मुझे लिंक भेज कर सूचित करें
inform_dont_have_payment_link,क्या आप मुझे नया लिंक अपडेट कर सकते हैं
inform_dont_have_payment_link,नया लिंक भेजने के बाद मुझे सूचित करें
inform_dont_have_payment_link,पिछला ईमेल आई डी ब्लॉक हो गई हैं इसीलिए नए ईमेल आई डी पे लिंक भेजिए जो मैं आपको दे रहा हूँ
inform_dont_have_payment_link,नेटवर्क इशू के कारन मुझे लिंक बिलकुल ही नहीं मिला
inform_dont_have_payment_link,कृपया लिंक मुझे फिर से मेरे मेल पे भेजें
inform_dont_have_payment_link,दूसरे नंबर पर लिंक शेयर कीजिये
inform_dont_have_payment_link,मुझे नए लिंक के साथ अभी अपडेट कर सकते हैं
inform_payment_done,पेमेंट सफलतापूर्वक किया गया
inform_payment_done,पेमेंट पूरा हुआ
inform_payment_done,मैंने इन्सटॉलमेंट भर दी है 
inform_payment_done,मैंने पेमेंट करदी है. क्या आपको मिल गयी ?
inform_payment_done,इस महीने की पेमेंट कर दी है
inform_payment_done,पेमेंट होगयी 
inform_payment_done,मैंने पेमेंट करदी है
inform_payment_done,इस महीने की  ईएमआई भर दिया है 
inform_payment_done,इस महीने का पेमेंट पूरा हो चुका है
inform_payment_done, मैं आपको यह बताना चाहती हु की इस महीने की  ईएमआई भर दिया है 
inform_payment_done,इस महीने की  ईएमआई ट्रांसफर कर  दिया है 
inform_payment_done,इस महीने की किस्त आपको दी गई है
inform_payment_done,क्या आप कन्फर्म कर सकते है के आपको इन्सटॉलमेंट मिल गयी है ?
inform_payment_done,इस महीने के लिए मेरी ईएमआई ट्रांसफर कर दी
inform_payment_done,पेमेंट कर दी है 
inform_payment_done,आवश्यक अमाउंट पे कर दिया 
inform_payment_done,ईएमआई भर दिया
inform_payment_done,पेमेंट करदी है. चेक करो 
inform_payment_done, इन्सटॉलमेंट भर दी 
inform_payment_done,इस महीने के लिए ईएमआई का पेमेंट  किया गया है
inform_payment_done,इस महीने का लोन भर दिया है 
inform_payment_done,इस महीने का इन्सटॉलमेंट हो गया है
inform_payment_done,आवश्यक अमाउंट पे किया गया है।चेक करके बता 
inform_payment_done,यह महीने का  ईएमआई पे  कर दिया है 
inform_payment_done,इस महीने का पेमेंट  किया
inform_payment_done,पेमेंट करदी गयी है 
inform_payment_done,इस महीने का पेमेंट कर दिया 
inform_payment_done,यह आपको सूचित करना है कि मैंने इस महीने के लिए ईएमआई का पेमेंट किया है। कृपया कन्फर्म करे 
inform_payment_done,ईएमआई पेमेंट होगयी है 
inform_payment_done,आशा है कि आपको इस महीने के लिए ई.एम.आई मिल गयी 
inform_payment_done,मैंने पेमेंट कर दिया है
inform_payment_done,मैंने इएमआई का पेमेंट कर दिया है
inform_payment_done,सफलतापूर्वक पेमेंट कर दिया है
inform_payment_done,मैंने इऍमआई भरना ख़त्म कर लिया है
inform_payment_done,इस महीने की इएमआइ पेमेंट मैंने पूरी कर ली है
inform_payment_done,मेरी इस महीने की इन्सटॉलमेंट पूरी हो गयी है
inform_payment_done,आपको सूचित किया जाता है की पेमेंट हो गया है
inform_payment_done,आपको सूचित करना चाहता हूँ की पेमेंट कर दिया गया है
inform_payment_done,मैंने इस महीने की पेमेंट कर दी है
inform_payment_done,मैंने पहले ही पेमेंट कर दिया था
inform_payment_done,पहले ही पेमेंट ऑटो डेबिट हो चूका है
inform_payment_done,मैं आपको बताना चाहता हूँ की पेमेंट पहले ही डेबिट हो चूका है
inform_payment_done,इस महीने का पेमेंट अभी हो गया है
inform_payment_done,आपको बताना चाहूंगा की मैंने इएमआइ का पेमेंट कर दिया है
inform_payment_done,मैंने इएमआइ अमाउंट ट्रांसफर कर दिया है
inform_payment_done,मैंने पेमेंट ट्रांसफर पूरा कर दिया है
inform_payment_done,इस महीने का हो गया है
inform_payment_done,इस महीने की इऍमआइ मैंने क्लियर कर दी है
inform_payment_done,पेमेंट क्लियर हो चूका है
inform_payment_done,आपको सूचित करना चाहूंगा की मैंने पेमेंट क्लियर कर दिया है
inform_payment_done,आपको पेमेंट के बारे में सुनिश्चित करना चाहूंगा
inform_payment_done,इस महीने के पेमेंट क्लीयरेंस के बारे में आपको सूचित करना चाहूंगा
inform_payment_done,इस महीने का पेमेंट मैंने कर दिया है क्या आपने प्राप्त किया
inform_payment_done,मैंने अभी पेमेंट क्लियर किया आपको मिला क्या
inform_payment_done,मैंने पेमेंट पूरा कर लिया है क्या आप मुझे कन्फर्म कर सकते हैं
inform_payment_done,पेमेंट पहले ही क्लियर कर दिया है 
inform_pay_with_other_method,क्या मैं  चेक से पे कर दू 
inform_pay_with_other_method,क्या मैं इन ई अफ टी सकता हु ?
inform_pay_with_other_method,मैं जीपे से पे करूँगा 
inform_pay_with_other_method,क्या मई कोई और तरीके से पेकर सकता हु  
inform_pay_with_other_method,क्या पेमेंट का कोई दूसरा ऑप्शन है 
inform_pay_with_other_method,मैं कॅश में पे कर रहा हूँ 
inform_pay_with_other_method,पेटीएम से पे करूँगा 
inform_pay_with_other_method,फ़ोनपे  यूपीआई से पेकरूँगा 
inform_pay_with_other_method,मैं बैंक आऊंगा और अपना कार्ड स्वाइप करूंगा
inform_pay_with_other_method,मैं एक डिमांड ड्राफ्ट जमा करूंगा
inform_pay_with_other_method,मैं कोई और मेथड से पे करूँगा 
inform_pay_with_other_method,पेटीएम से पे करना चाहूंगा 
inform_pay_with_other_method,चेक से पे करूँगा 
inform_pay_with_other_method,जीपे से पैसे भरूंगा 
inform_pay_with_other_method,पेटीएम यूज़  करके  पेमेंट करूँगा 
inform_pay_with_other_method,मैं अपने यूपीआई यूज़ करके  करके ईएमआई का  पेमेंट करूँग
inform_pay_with_other_method,पेमेंट करने के लिए पेटीएम का उपयोग करेगा
inform_pay_with_other_method,जीपे से पे करने वाला हूँ 
inform_pay_with_other_method,मेरे क्रेडिट कार्ड से  पेमेंट करूँगा 
inform_pay_with_other_method,पेटीएम यूज़  करके ईएमआई भर दूंगा 
inform_pay_with_other_method,मैं गूगल पे का यूज़ करके पे करना चाहूंगा
inform_pay_with_other_method,मैं  इन्सटॉलमेंट कॅश में दुगा 
inform_pay_with_other_method,पेटीएम वॉलेट से करना चाहूंगा
inform_pay_with_other_method,मैं एक बैंक ट्रांसफर  करना चाहता हूँ
inform_pay_with_other_method,मैं गूगल पे का यूज़ करके पे करना चाहता हूं
inform_pay_with_other_method,मैं चेक से भुगतान करूंगा
inform_pay_with_other_method,मैं नेट बैंकिंग द्वारा पेमेंट करूँगा
inform_pay_with_other_method,मैं फ़ोन पे द्वारा ट्रांजेक्शन  करूँगा
inform_pay_with_other_method,ठीक है युपिआई द्वारा पेमेंट करूँगा
inform_pay_with_other_method,मैं गूगल पे द्वारा पेमेंट करूँगा
inform_pay_with_other_method,इऍमआई का पेमेंट पेटीऍम से होगा
inform_pay_with_other_method,मैं पेमेंट बैंक ट्रांसफर द्वारा करूँगा
inform_pay_with_other_method,मैं पेमेंट डिजिटल ट्रांजेक्शन द्वारा करूँगा
inform_payment_going_on,मैं अभी पेमेंट  कर रहा हूँ 
inform_payment_going_on,पेमेंट चालू है 
inform_payment_going_on,मैंने पेमेंट  शुरू किया है
inform_payment_going_on,ईएमआई अभी पे कर रहा हु 
inform_payment_going_on,अभी पेमेंट कर रहा हूँ 
inform_payment_going_on,मैं अभी पेकर ही रहा था 
inform_payment_going_on,हा पेमेंट अभी चालू है 
inform_payment_going_on,पेमेंट अब शुरू किया गया है
inform_payment_going_on, हा पेमेंट का प्रोसेस शुरू किया है अभी 
inform_payment_going_on,पेमेंट कर रहा हूँ
inform_payment_going_on,अभी पे कर रहा हूँ 
inform_payment_going_on,अब किश्त का पेमेंट  कर रहा हूँ 
inform_payment_going_on,पे कर रहा हूँ अभी 
inform_payment_going_on,पेमेंट चालू है
inform_payment_going_on,पेमेंट कर रहा हूँ
inform_payment_going_on,अमाउंट अभी पे कर रहा हूँ 
inform_payment_going_on,कर रहा हूँ 
inform_payment_going_on,पैसे ट्रांसफर कर रहा हूँ 
inform_payment_going_on,पेमेंट अभी शुरू किया है 
inform_payment_going_on,इन्सटॉलमेंट दे रहा हु 
inform_payment_going_on,मैंने पेमेंट प्रोसेस शुरू कर  दिया है 
inform_payment_going_on,अभी ईएमआई पे कर रहा हूँ 
inform_payment_going_on,हा अभी पे कर रहा हूँ 
inform_payment_going_on,पेमेंट कर रहा हूँ 
inform_payment_going_on,हा अभी अमाउंट ही ट्रांसफर कर रहा हूँ 
inform_payment_going_on,हा मैं अभी पे कर रहा हूँ 
inform_payment_going_on,हा मैंने मनी ट्रांसफर शुरू कर दिया है 
inform_payment_going_on,हा अभी हे पेमेंट शुरू कीया हैं 
inform_payment_going_on,मैं पेमेंट प्रोसेस कर रहा हूँ
inform_payment_going_on,पेमेंट हो रहा है
inform_payment_going_on,मैं अभी पेमेंट कर रहा हूँ
inform_payment_going_on,अभी अभी तुरंत पेमेंट प्रोसेस कर रहा हूँ
inform_payment_going_on,पेमेंट प्रोसेस जारी है
inform_payment_going_on,मैं लगभग पेमेंट कर चूका हूँ
inform_payment_going_on,मैं कुछ ही समय में पेमेंट पूरा कर दूंगा
inform_payment_going_on,इऍमआइ पेमेंट प्रोसेस में है
inform_payment_going_on,पेमेंट प्रोसेस पूरी हो रही है
inform_payment_going_on,अभी पेमेंट प्रोसेस पे काम कर रहा हूँ
inform_payment_going_on,मैं अभी पेमेंट क्लियर कर रहा हूँ
inform_payment_going_on,पेमेंट जारी है कुछ समय में पूरा हो जायेगा
inform_payment_going_on,पेमेंट प्रोसेस पूरा होने वाला है
inform_payment_going_on,थोड़ी देर में पेमेंट प्रोसेस पूरा हो जायेगा
inform_payment_going_on,थोड़ी देर में पेमेंट पूरा होने वाला है
inform_payment_going_on,पेमेंट क्लियर होने की प्रक्रिया चल रही है
inform_payment_going_on,इऍमआइ पेमेंट के बीच में हूँ
inform_payment_going_on,पेमेंट प्रोसेस जारी है
inform_payment_going_on,जल्द ही कुछ समय में पेमेंट मिल जाएगा
inform_payment_going_on,पेमेंट जारी है जल्दी ही आपको मिल जाएगी
inform_payment_going_on,प्रोसेस हो रहा है थोड़ा समय लगेगा
inform_payment_going_on,इऍमआइ पेमेंट प्रोग्रेस में है
inform_payment_going_on,कुछ ही समय में आपको पेमेंट प्राप्त हो जायेगा
inform_payment_going_on,पेमेंट प्रोग्रेस में है
inform_payment_going_on,आपको जल्द ही पेमेंट मिल जायेगा
inform_payment_going_on,ईएमआई पेमेंट की प्रगति जारी है
inform_payment_going_on,इऍमआइ पेमेंट प्रोसेस में है
inform_payment_going_on,पेमेंट प्रोसेस जारी है
inform_payment_going_on,जल्द ही आपको अमाउंट प्राप्त हो जायेगा
inform_payment_going_on,आज कभी भी आपको पेमेंट प्राप्त हो जायेगा
inform_payment_going_on,पेमेंट प्रोग्रेस में है आपको थोड़ी देर में मिल जायेगा
inform_payment_going_on,पेमेंट प्रोसेसिंग चरण में है
inform_payment_going_on,पेमेंट कुछ ही समय में हो जायेगा
inform_issue_in_payment,पेमेंट करते हुए एरर आ रहे है 
inform_issue_in_payment,पेमेंट पूरी नहीं हो पा रही 
inform_issue_in_payment,पेज नॉट फाउंड एरर आ रहा है 
inform_issue_in_payment,पेमेंट लिंक एक्सपिरे होगयी है 
inform_issue_in_payment,पेमेंट करते टाइम पेज क्रैश हो रहा है 
inform_issue_in_payment,डिटेल्स डालनेके बाद ओटीपी नहीं आ रहा 
inform_issue_in_payment,पेमेंट मेथड एक्सेप्ट नहीं हो रही 
inform_issue_in_payment,गलत लिंक मिली है 
inform_issue_in_payment,"सही इनफार्मेशन डालने पर भी , गलत इन्फ़ोर्मतिओ डाली है ऐसा एरर आ रहा है "
inform_issue_in_payment,पेमेंट करनेके  प्रोसेसिग दिखा रहा है 
inform_issue_in_payment,वेबसाइट  साथ कपटिब्ले नहीं है 
inform_issue_in_payment,पेमेंट कन्फर्मेशन नहीं मिला 
inform_issue_in_payment,मुझे 'वॉलेट पेमेंट फेलियर ' आ रहा है 
inform_issue_in_payment,पेमेंट वेबसाइट बंद हैं 
inform_issue_in_payment,पेमेंट फेल्ड 
inform_issue_in_payment,बैंक सर्वर डाउन है
inform_issue_in_payment,"पैसा काट लिया गया, लेकिन पेमेंट नहीं होने की बात कहते हुए पॉप अप हो गया"
inform_issue_in_payment,"मेरी कस्टमर  आईडी जोड़ने के बाद, यह कहता है कि रिकॉर्ड नहीं मिला"
inform_issue_in_payment,पेमेंट पेज लोड नहीं  हो  रहा 
inform_issue_in_payment,पेमेंट डिटेल्स डालनेके बाद पेज अटक जाता है 
inform_issue_in_payment,नेटव्रक इशू हो रहा हैं 
inform_issue_in_payment,पेमेंट लिंक काम नहीं कर रहा 
inform_issue_in_payment,पेमेंट पेज बार बार अटक रहा है 
inform_issue_in_payment,पेमेंट पेज रेस्पोंद नहीं कर रहा है
inform_issue_in_payment,पेटीएम वॉलेट लिंक 
inform_issue_in_payment,पेमेंट प्रोसेस नहीं हो पाया 
inform_issue_in_payment,पासवर्ड भूल गए और इसे रीसेट नहीं कर सके
inform_issue_in_payment,यह  लिंक काम नहीं कर रही 
inform_issue_in_payment,मेरी रिक्वेस्ट प्रोसेस हे नहीं हो पा रही 
inform_issue_in_payment,बराबर नेटव्रक नहीं मिल रहा 
inform_issue_in_payment,मुझे इऍमआइ पेमेंट करने में कुछ दिक्कत आ रही है
inform_issue_in_payment,पेमेंट डिक्लाइन हो रहा है
inform_issue_in_payment,आपके द्वारा भेजे गए लिंक से पेमेंट नहीं कर पा रहा हूँ
inform_issue_in_payment,कुछ दिक्कत है लिंक में
inform_issue_in_payment,पेमेंट नहीं कर पा रहा हूँ
inform_issue_in_payment,कुछ इशू है ऑटो डेबिट पेमेंट में
inform_issue_in_payment,भेजा हुआ लिंक नहीं खुल रहा है
inform_issue_in_payment,यह  पेमेंट फेल दिखा रहा है
inform_issue_in_payment,यह सर्वर डाउन दिखा रहा है
inform_issue_in_payment,बैंक सर्वर में कुछ दिक्कत है
inform_issue_in_payment,अकाउंट में कुछ दिक्कत है
inform_issue_in_payment,पेमेंट डिक्लाइन हो गया
inform_issue_in_payment,मैंने पेमेंट कर दिया है पर वो दिखा नहीं रहा है
inform_issue_in_payment,ट्रांजेक्शन पूरा नहीं कर पा रहा हूँ
inform_issue_in_payment,मैं लिंक नहीं खोल पा रहा हूँ
inform_issue_in_payment,पेमेंट लिंक काम नहीं कर रहा है
inform_issue_in_payment,पेमेंट कन्फर्मेशन नहीं मिल रहा है
inform_issue_in_payment,पेमेंट रिजेक्ट हो गया
inform_issue_in_payment,लिंक में कुछ दिक्कत है
inform_issue_in_payment,लिंक पेमेंट के लिए डायरेक्ट नहीं कर रहा है
inform_issue_in_payment,पेमेंट नहीं हो पा रहा है
inform_issue_in_payment,मैं पेमेंट पूरा नहीं कर पा रहा हूँ
inform_issue_in_payment,नेटवर्क में कुछ दिक्कत है
inform_issue_in_payment,मैं पेमेंट इशू फेस कर रहा हूँ
inform_issue_in_payment,दिए हुए लिंक से पेमेंट नहीं कर पा  रहा हूँ
inform_issue_in_payment,दिया हुआ लिंक ठीक से काम नहीं कर रहा है
inform_issue_in_payment,बैंक सर्वर डाउन होने की वजह से पेमेंट में डिले हो रहा है
inform_issue_in_payment,लिंक क्लिक करने पे एरर दिखा रहा है
inform_issue_in_payment,लिंक पेमेंट पेज ओपन नहीं कर रहा है
inform_issue_in_payment,मेरे नंबर पर ओ टी पि नहीं आ रहा है
inform_issue_in_payment,पेमेंट प्रोसेस फ़ैल हो रहा है
inform_issue_in_payment,पेमेंट प्रोसेस के समय पेज हैंग हो रहा है
inform_issue_in_payment,लिंक में कुछ इशू है
agree_to_proceed,हा बताओ
agree_to_proceed,जी बताइये
agree_to_proceed,हां में अभी बात कर सकता हूं। 
agree_to_proceed,में बात बात कर सकता हूं। 
agree_to_proceed,बोलिये 
agree_to_proceed,आप बताइए मुझे 
agree_to_proceed,हमें और बताएँ
agree_to_proceed,कृपया बोलना जारी रखें
agree_to_proceed,कृपया समझाते रहें
agree_to_proceed,"ज़रूर, जारी रखें!"
agree_to_proceed,मैं अब आपसे बात कर सकता हूं।
agree_to_proceed,"हां, यह चर्चा करने का एक अच्छा समय है"
agree_to_proceed,आप बताएं मैं सुन रहा हूँ
agree_to_proceed,बताइये
agree_to_proceed,"मैं सुन रहा हूँ आपको, बताएं"
agree_to_proceed,आप बताइए मैं ध्यान दे रहा हूँ
agree_to_proceed,मुझे बताओ कि तुम क्या कह रहे थे।
agree_to_proceed,आप बोल सकते हो 
agree_to_proceed,मैं अभी सुन सकता हूँ आप कहिये
agree_to_proceed,हाँ आगे बातएं
agree_to_proceed,मैं समझ रहा आप बताते रहिये
agree_to_proceed,मैं बात कर सकता हूँ इस समय
agree_to_proceed,हाँ ठीक है बोलिए
agree_to_proceed,बताइए आपकी आवाज़ साफ़ आ रही है
agree_to_proceed,आवाज़ समझ पा रहा हूँ मैं बताओ तुम
agree_to_proceed,कहिये क्या बताना है
agree_to_proceed,यह बात हो गयी थी आगे बताइये
agree_to_proceed,"मैं समझ आ रहा आपकी बात, आप आगे बताइए"
agree_to_proceed,इसके अलावा क्या बताना है वो बताओ
agree_to_proceed,हाँ आप बोलो
agree_to_proceed,"सुन पा रहा हूँ, आप आगे बता सकते"
agree_to_proceed,"जी, इसके बारे में और बताइए"
agree_to_proceed,ठीक है आगे?
agree_to_proceed,हाँ आप कर सकते हैं।
agree_to_proceed,हाँ अब बोलो
agree_to_proceed,आगे बतायें
agree_to_proceed,आप बता सकते हो
agree_to_proceed,आगे बताओ
disagree_to_proceed,में अभी व्यस्त हु 
disagree_to_proceed,नहीं करनी बात
disagree_to_proceed,में अभी बात नहीं कर सकता 
disagree_to_proceed,मुझे परेशान मत करो
disagree_to_proceed,अभी नहीं बात कर पाउँगा
disagree_to_proceed,सुनना ही नहीं है हमे अभी
disagree_to_proceed,अभी सही  टाइम नहीं है बात करने का
disagree_to_proceed,मैं अभी नहीं समझ पाउँगा क्यूंकि बिजी हूँ
disagree_to_proceed,आप अभी नहीं बताइये क्यूंकि मेरे पास टाइम नहीं है
disagree_to_proceed,यह टाइम नहीं बात हो पायेगी
disagree_to_proceed,अभी नहीं करूँगा बात
disagree_to_proceed,बात नहीं कर सकता अभी
disagree_to_proceed,मैं नहीं करूँगा बात अभी
disagree_to_proceed,मुझे अभी नहीं समझना
disagree_to_proceed,काम है हमे तो अभी बात नहीं कर सकते हम
disagree_to_proceed,नहीं बात करनी मुझे
disagree_to_proceed,अभी नहीं सुनना मुझे कुछ भी
disagree_to_proceed,अभी मत बताओ
disagree_to_proceed,"अभी तकलीफ मत उठाये , मैं व्यस्त हूं"
disagree_to_proceed,आगे न बताओ
disagree_to_proceed,नहीं कर सकता बात
disagree_to_proceed,अब नहीं बात कर सकता हूँ
disagree_to_proceed,मैं अभी नहीं करुँगा बात किसी से भी
disagree_to_proceed,आगे नहीं सुनना है हमे
disagree_to_proceed,अभी नहीं सुनना
disagree_to_proceed,मैं नहीं बात कर रहा
disagree_to_proceed,इस समय बात करना मुश्किल है
disagree_to_proceed,मैं बिजी हूँ
disagree_to_proceed,"नहीं, अभी बात नहीं होगी"
disagree_to_proceed,"नहीं, अभी नहीं बात हो सकती है"
disagree_to_proceed,अरे नहीं जानना हमे अभी
disagree_to_proceed,आगे बात नहीं करनी
disagree_to_proceed,अभी कॉल पे बात नहीं कर सकता
disagree_to_proceed,आगे नहीं जानना है
disagree_to_proceed,अभी मत बताओ अब
disagree_to_proceed,मैं बिजी हूँ
disagree_to_proceed,मैं बिजी हूं इसलिए मैं इसे जारी रखने के लिए असहमत हूं
disagree_to_proceed,मैं नहीं चाहता ये कॉल
agree_to_pay,पे कर देंगे
agree_to_pay,मुझे याद है की पे करना है I कर दूंगा
agree_to_pay,मैं समय के अनुसार पैसे भर दूंगा 
agree_to_pay,मुझे पेमेंट  करना याद रहेगा 
agree_to_pay,"हाँ, मैं पे करूंगा"
agree_to_pay,"हां, मैं पेमेंट  करना चाहूंगा"
agree_to_pay,मैं समय पर पैसे भर दूंगा 
agree_to_pay,पे करना है न पे कर दूंगा
agree_to_pay,हो जायेगा
agree_to_pay,टाइम से पहले ही कर दूंगा पे
agree_to_pay,मैं पैसे भर दूंगा
agree_to_pay,थोड़ा समय दो| पे करूँगा
agree_to_pay,यह  हो जायेगा
agree_to_pay,ये पेमेंट दे दूंगा
agree_to_pay,"हाँ, मैं पे  कर दूंगा।"
agree_to_pay,मैं तिथि के अनुसार भुगतान करूंगा
agree_to_pay,डेट से पहले ही पेमेंट हो जाएगी
agree_to_pay,मैं पेमेंट करने के लिए तैयार हूँ
agree_to_pay,पेमेंट देनी है हमें
agree_to_pay,मैं पे करना चाहता हूँ
agree_to_pay,"हां, मैं पे करने के लिए तैयार हूं"
agree_to_pay,यदि आप चाहें तो मैं अभी पैसे भर सकता हूं
agree_to_pay,मैं तुरंत  पेमेंट कर सकता हूं
agree_to_pay,कर दूंगा पे
agree_to_pay,मैं अब  पेमेंट  करना चाहता हूँ
agree_to_pay,जब भी संभव होगा पे कर दूंगा
agree_to_pay,मै इसके लिए पे करना चाहता हूं
agree_to_pay,"हाँ, मै पैसे भर सकता हूँ"
agree_to_pay,चुका दूंगा
agree_to_pay,"जरूर , मैं पेमेंट  करूंगा"
agree_to_pay,मुझे पेमेंट  करना याद होगा
agree_to_pay,मैंने कहा मैं पैसे दूंगा
agree_to_pay,मुझे पता है कि मुझे पैसे भरने है और मैं करूंगा
agree_to_pay,हां मैं ईएमआई का पेमेंट करूंगा
agree_to_pay,मुझे ईएमआई का पेमेंट करना याद होगा
agree_to_pay,पैसे मैं दूंगा
agree_to_pay,"हां, मैं ईएमआई का पेमेंट  करूंगा"
agree_to_pay,"हां, मैं पेमेंट करूंगा"
agree_to_pay,मैं चूका सकता हु
agree_to_pay,मैं तुरंत पैसे दे दूंगा 
agree_to_pay,समय से पहले  पेमेंट कर दूंगा
agree_to_pay,"जरूर , पे करेंगे"
agree_to_pay,मुझे पता है कि तारीख नजदीक आ रही है। पैसे मैं दूंगा।
agree_to_pay,"ठीक है, मैं ईएमआई का पेमेंट करूंगा"
agree_to_pay,मैं अंतिम तिथि के अनुसार पेमेंट करूँगा
agree_to_pay,मैं याद से पेमेंट करूँगा 
agree_to_pay,निश्चित रूप से। पैसे मैं दूंगा
disagree_to_pay,"नहीं, मैं भुगतान नहीं कर सकता।"
disagree_to_pay,मैं भुगतान नहीं कर पाऊंगा।
disagree_to_pay,यह भुगतान नहीं किया जाएगा।
disagree_to_pay,मैं अभी  पेमेंट नहीं कर सकता
disagree_to_pay, पेमेंट नहीं कर सकते
disagree_to_pay,अभी  पेमेंट नहीं करेंगे
disagree_to_pay,"नहीं, मैं  पे नहीं करना चाहता"
disagree_to_pay,आगामी तिथि पर पेमेंट नहीं कर पाउँगा
disagree_to_pay,इस बार पे नहीं कर पायेंगे हम
disagree_to_pay,नहीं करना है पेमेंट
disagree_to_pay,मैं पेमेंट करने के लिए असहमत हूं
disagree_to_pay,प्रोब्लेम्स  के कारण इस बार पैसे नहीं भर पाउँगा  नहीं कर पाउँगा
disagree_to_pay,पे नहीं कर सकता हूँ
disagree_to_pay,मैं पेमेंट नहीं करूंगा
disagree_to_pay,"दूसरी बार एक साथ कर दूंगा पे, अभी नहीं कर सकता"
disagree_to_pay,नहीं पे हो पायेगा इस वक़्त
disagree_to_pay,ये पेमेंट नहीं  होगी
disagree_to_pay,मैं पे नहीं कर सकता
disagree_to_pay,पे कर सकता तो कर देता पर नहीं होगा इस बार
disagree_to_pay,प्रोब्लेम्स  के कारण इस बार पैसे नहीं भर पाउँगा 
disagree_to_pay,मैं किसी और वक़्त कर दूंगा पे अभी नहीं
disagree_to_pay,ये पेमेंट अमाउंट नहीं पे कर पाउँगा
disagree_to_pay,आप समझो मेरी बात को नहीं पे कर सकता
disagree_to_pay,पैसे नहीं है पे करने के लिए
disagree_to_pay,पेमेंट नहीं हो पायेगा
disagree_to_pay,पेमेंट नहीं करना है मुझे
disagree_to_pay,नहीं करूँगा
disagree_to_pay,"कभी और पे कर दूंगा, आज नहीं"
disagree_to_pay,पेमेंट नहीं हो पाएगी
disagree_to_pay,आपको नहीं पे कर सकता कैसे भी
disagree_to_pay,मैं पेमेंट नहीं कर सकता
disagree_to_pay,मैं अब पेमेंट नहीं करूंगा
disagree_to_pay,मैं पेमेंट नहीं कर पाऊंगा
disagree_to_pay,मैं इस समय का पेमेंट नहीं कर पाऊंगा
disagree_to_pay,मुझे नहीं लगता कि मैं ईएमआई पे कर पाउँगा 
disagree_to_pay,मैं ईएमआई का पेमेंट करने को तैयार नहीं हूं
disagree_to_pay,मुझे पे नहीं करना है
disagree_to_pay,मैं इस महीने ईएमआई का पपेमेंट नहीं करूंगा
disagree_to_pay,मैं ईएमआई का पपेमेंट नहीं करूंगा
disagree_to_pay,मेरा ईएमआई चुकाने का इरादा नहीं है
disagree_to_pay,मुझे नहीं लगता कि मैं पपेमेंट कर सकता हूं
disagree_to_pay,मैं पे नहीं करूँगा
disagree_to_pay,मुझे ईएमआई नहीं देनी
disagree_to_pay,ईएमआई नहीं दे सकते अभी
disagree_to_pay,इस बार पेमेंट नहीं हो पायेगी ईएमआई की 
disagree_to_pay,पे नहीं करूँगा इस बारी
disagree_to_pay,इस बार ईएमआई नहीं दूंगा
ask_principal_amount,मैंने कितना लोन लिया है?
ask_principal_amount,लोन अमाउंट क्या है ?
ask_principal_amount,कुल मूल राशि क्या है?
ask_principal_amount,मेरी मूल राशि क्या है?
ask_principal_amount,प्रिंसिपल अमाउंट कितना है
ask_principal_amount,प्रिंसिपल अमाउंट अभी भी बचा है क्या?
ask_principal_amount,मेरी प्रिंसिपल अमाउंट क्या है?
ask_principal_amount,प्रिंसिपल अमाउंट जानना था
ask_principal_amount,मेरा  प्रिंसिपल अमाउंट कितना है?
ask_principal_amount, प्रिंसिपल अमाउंट बताएं
ask_principal_amount,प्रिंसिपल अमाउंट कितना  है 
ask_principal_amount,प्रिंसिपल अमाउंट?
ask_principal_amount,प्रिंसिपल अमाउंट तकरीबन कितना होगा?
ask_principal_amount,यह प्रिंसिपल अमाउंट कितना होगा मेरा
ask_principal_amount,प्रिंसिपल अमाउंट और कितना देना है
ask_principal_amount,टोटल पेमेंट कितना रहेगा प्रिंसिपल अमाउंट का
ask_principal_amount,प्रिंसिपल अमाउंट कितना पे करना है
ask_principal_amount,अब कितना प्रिंसिपल अमाउंट होगा?
ask_principal_amount, मुझे कितनी मूल राशि चुकानी होगी?
ask_principal_amount,पूरा प्रिंसिपल अमाउंट क्या है ?
ask_principal_amount,बकाया प्रिंसिपल अमाउंट क्या होगा अभी मेरा
ask_principal_amount,कितनी मूल राशि अभी भी चुकानी बाकी है?
ask_interest_rate,किस रेट पे चार्ज कर रहे हो मेरे से ?
ask_interest_rate,क्या रेट है मेरे लोन के
ask_interest_rate,थोड़ी डिटेल्स बताना इंटरेस्ट रेट की
ask_interest_rate,वर्तमान में मेरे लोन पर कितना इंटरेस्ट रेट लिया जा रहा है
ask_interest_rate,इंटरेस्ट रेट के बारे में बताओ मेरे लोन के ऊपर जो है
ask_interest_rate,कर्रेंटली किस इंटरेस्ट रेट पर चार्ज कर रहे हो
ask_interest_rate,थैंक यू यह इंटरेस्ट कितना लग रहा है इसमें यह भी बता दीजिये
ask_interest_rate,हाँ तो इस लोन में इंटरेस्ट कितना अप्लाई किये हैं आप
ask_interest_rate,मैं ब्याज दर के बारे में जानना चाहता हूं
ask_interest_rate,मुझे इंटरेस्ट रेट के बारे में  बता दो 
ask_interest_rate,इंटरेस्ट कितना लग रहा है इस में
ask_interest_rate,इंटरेस्ट रेट के बारे में पूछना था
ask_interest_rate,क्या आप  इंटरेस्ट रेट के बारे में जानकारी मिलेगी मुझे
ask_interest_rate,कितना रेट ऑफ़ इंटरेस्ट लग रहा है इसमें
ask_interest_rate,हाँ कितना रेट ऑफ़ इंटरेस्ट लग रहा है
ask_interest_rate,मौजूदा ब्याज दर क्या है
ask_interest_rate,मुझे किस ब्याज दर पर शुल्क लिया जा रहा है
ask_interest_rate,क्या आप मुझे मौजूदा ब्याज दर के बारे में कुछ बता सकते हैं
ask_interest_rate,वर्तमान ब्याज दर पर मुझे कितनी राशि मिलेगी
ask_interest_rate,अभी क्या इंटरेस्ट रेट चल रहा है
ask_interest_rate,कितना इंटरेस्ट रेट होगा मेरा
ask_interest_rate,अभी किस इंटरेस्ट रेट पे आप लोग लोन दे रहे हो
ask_interest_rate,करंट रेट ऑफ़ इंटेरेस्ट पे इनफार्मेशन चाहिए 
ask_interest_rate,मेरी करंट रेट ऑफ़ इंटेरेस्ट क्या है
ask_interest_rate,वर्तमान समय में ब्याज दर क्या है?
ask_interest_rate,मेरा इंटरेस्ट रेट कितना है
ask_interest_rate,ये इंटरेस्ट रेट अभी का है
ask_interest_rate,कितने इंटरेस्ट रेट पर हूं अभी मैं
ask_interest_rate,करंट रेट ऑफ इंटरेस्ट पहले से कितना ज़्यादा या कम है
ask_interest_rate,मैं वर्तमान ब्याज दर कहां देख सकती हूं
ask_interest_rate,वर्तमान में लोन किस ब्याज दर पर दिया गया है?
ask_interest_rate,मेरे ब्याज दर के बारे में जानकारी चाहिए थी
ask_interest_rate,आप करंट इंटरेस्ट रेट के बारे में क्या बता सकते हैं
ask_interest_rate,मेरा करंट इंटरेस्ट रेट क्या है
ask_interest_rate,ब्याज की ब्याज दर क्या है
ask_interest_rate,वर्तमान ब्याज दर कब बदलेगी?
ask_interest_rate,मेरे लिए ब्याज दर क्या है
ask_interest_rate,ब्याज दर मेरे लिए कितनी रहेगी
ask_interest_rate,करंट इंटरेस्ट रेट कब बदल हो सकती
ask_interest_rate,मुझे इंटरेस्ट रेट पता करना था
ask_interest_rate,इंटरेस्ट रेट कैसे पता कर सकते हैं
ask_interest_rate,ये करंट इंटरेस्ट रेट इतना ज़्यादा क्यूँ है
ask_interest_rate,करंट इंटरेस्ट रेट मेरे लिए क्या होगा इसके लिए
ask_interest_rate,इंटरेस्ट रेट बता दो
ask_interest_rate,करंट इंटरेस्ट बता दीजिये हमारा
ask_interest_rate,मेरी ब्याज दर क्या है
ask_interest_rate,क्या आप मुझे मेरी ब्याज दर बता सकते हैं
ask_payment_till_now,मैं जानना चाहता था की मैंने टोटल कितने पैसे दे दिए है अभी तक होम लोन के
ask_payment_till_now,मुझे याद नहीं है की मैं कितना अमाउंट दे चूका हूँ अब तक... कृपया करके बता दो
ask_payment_till_now,कितना लोन दे दिया है मैंने ?
ask_payment_till_now,कितना बैलेंस देना बचा है.....काफी कुछ तो पे कर ही दिए था मैंने लोन का
ask_payment_till_now,कृपया बताये की मैंने लोन का कितना हिस्सा पे कर दिया है
ask_payment_till_now,बैलेंस डिटेल्स बता दो अभी
ask_payment_till_now,अभी तक मैं कितना पे कर चूका हूँ?
ask_payment_till_now,लोन का कितना बैलेंस देना बचा है?
ask_payment_till_now,पेमेंट बैलेंस कितना है?
ask_payment_till_now,मैंने कितना पे कर दिया है?
ask_payment_till_now,बैलेंस कितना देना है अभी?
ask_payment_till_now,मेरा कितना पेमेंट बचा है?
ask_payment_till_now,बैलेंस अकाउंट कितना रह गया है
ask_payment_till_now,मैं कितने पैसे दे चूका हूँ?
ask_payment_till_now,इस बार का पेमेंट होने के बाद कितना बैलेंस बनेगा
ask_payment_till_now,मैं पे कर रहा हूँ आज | अब कितना और रह जायेगा पे करना?
ask_payment_till_now,लोन का कितना अमाउंट बचा है पे होने को?
ask_payment_till_now,कितना बैलेंस लेफ्ट है
ask_payment_till_now,लोन कितना बचेगा आज का इन्सटॉलमेंट देने के बाद?
ask_payment_till_now,मेरा कितना लोन पेमेंट बचा है अभी?
ask_payment_till_now,अभी कितना लोन अनपेड है?
ask_payment_till_now,मैंने आज किश्त दी है अब कितना पैसा बचा है देने के लिए
ask_payment_till_now,मैंने कितना लोन चुकाया है?
ask_payment_till_now,लोन के लिए कितनी राशि शेष है
ask_payment_till_now,मैं पे कर दूंगा आज उसके बाद कितना रह जायेगा लोन
ask_payment_till_now,मैंने कितना लोन पे कर दिया है अब तक?
ask_payment_till_now,मेरे पापा पे कर चुके हैं इस बार की किश्त तो कितना लोन बचा
ask_payment_till_now,अभी तक कितना पे कर दिया है मैंने?
ask_payment_till_now,टोटल कितना पे कर चुका मैं?
ask_payment_till_now,ये लोन खत्म होने को कितने पैसे बचे हैं अभी?
ask_payment_till_now,मैंने इस बार का मिला कर कितना पे कर दिया है?
ask_payment_till_now,आप बैलेंस बता दोगे?
ask_payment_till_now,यह पेमेंट कितना करना होगा और लोन एंड करने के लिए?
ask_payment_till_now,कितना और पे करना है अभी?
ask_payment_till_now,मैं कितने पैसे भर चुका हूँ इस लोन के?
ask_payment_till_now,मैं लोन का कितना पैसा भर चूका हूँ अभी तक?
ask_next_due_date,नेक्स्ट कब पे करना है
ask_next_due_date,ईएमआई की नेक्स्ट डेट क्या है?
ask_next_due_date,अगली भुगतान तिथि कब है?
ask_next_due_date,मेरी नेक्स्ट पेमेंट डेट क्या है
ask_next_due_date,पे कब तक करना है अगली बार?
ask_next_due_date,अगले महीने कब तक पे करना है?
ask_next_due_date,नेक्स्ट ईएमआई डेट कब की है?
ask_next_due_date,नेक्स्ट पेमेंट डेट कब है?
ask_next_due_date,अगली तारिख कबकी है पेमेंट की?
ask_next_due_date,ईएमआई अगले महीने कब तक देनी है?
ask_next_due_date,मेरी नेक्स्ट देय डेट क्या है ईएमआई देनी की?
ask_next_due_date,हमें अगला पेमेंट कब करना होगा
ask_next_due_date,अगली तिथि क्या है पेमेंट करने की?
ask_next_due_date,नेक्स्ट देय डेट क्या है पेमेंट का?
ask_next_due_date,नेक्स्ट मंथ किस तर्रीख तक पे करना है?
ask_next_due_date,लोन राशि के भुगतान की अगली तारीख क्या होगी?
ask_next_due_date,अगले दो महीनों में इसके लिए नियत तारीख क्या है?
ask_next_due_date,अगले महीने भी पैसे देने हैं? किस दिन तक?
ask_next_due_date,अगले सप्ताह के लिए मेरी भुगतान तिथि क्या है?
ask_next_due_date,किस दिन पे करना अगले महीने?
ask_next_due_date,कब पे करूँ ये वाली किश्त अगले महीने?
ask_next_due_date,मैंने पे नहीं किया है इस बार अगली बार कब कर सकता हूँ?
ask_next_due_date,पे डेट बता दो नेक्स्ट मंथ की
ask_next_due_date,कितना पे करना है अगली बार और कब?
ask_next_due_date,मुझे अगले हफ्ते किस दिन तक पेमेंट करना होगा ?
ask_next_due_date,मेरी अगली डेट क्या है पे करने की?
ask_next_due_date,क्या मुझे अगले महीने भी भुगतान करना होगा? दिनांक क्या है?
ask_next_due_date,इस लोन के भुगतान की अगली तारीख क्या है?
ask_next_due_date,अगली नियत तारीख क्या है?
ask_next_due_date,भुगतान की अगली तारीख कब है?
ask_next_due_date,मुझे अगला भुगतान कब करना है?
ask_next_due_date,अगली भुगतान तारीख ?
ask_next_due_date,अगला भुगतान कब है?
ask_next_due_date,अगली ईएमआई तारीख क्या होगी?
ask_next_due_date,ईएमआई पे के लिए अगली तारीख क्या है?
ask_next_due_date,अगले महीने के लिए ईएमआई भुगतान की तारीख क्या है?
ask_next_due_date,इस महीने का भुगतान पूरा हो गया है। यह अगले महीने के लिए कब होगा?
ask_next_due_date,क्या आप अगले महीने के लिए नियत तारीख बता सकते हैं?
ask_next_due_date,ईएमआई मेरे ऋण की देय तिथि क्या  है?
ask_next_due_date,क्या आप मेरे ईएमआई के लिए नियत तारीख जानते हैं?
ask_next_due_date,अगले ईएमआई की नियत तारीख
ask_next_due_date,अगला देय तिथि
ask_next_due_date,अगली ईएमआई तारीख होगी?
ask_next_due_date,अगली ईएमआई तारीख  कब होगी?
ask_next_due_date,अगली ईएमआई की नियत तारीख
ask_next_due_date,अगली नियत तारीख
ask_next_due_date,अगले ईएमआई का भुगतान कब करें
ask_next_due_date,अगली  ईएमआई  तारीख?
ask_next_due_date,अगली ईएमआई की नियत तारीख
tenure_left,टेन्योर कब समाप्त हो रहा है
tenure_left,टेन्योर कब तक है
tenure_left,लोन के लिए आखिरी महीना कब है
tenure_left,लोन कब तक ख़त्म होगा
tenure_left,टेन्योर समाप्त होने में कितने महीने शेष हैं
tenure_left,लोन की लास्ट डेट क्या है
tenure_left,कब तक और लोन चलेगा
tenure_left,लोन टेन्योर क्या है इसका?
tenure_left,लोन कब एन्ड हो रहा है
tenure_left,लोन खत्म होने में कितना समय बचा है
tenure_left,लोन कब खत्म होगा
tenure_left,कब तक खत्म हो जाएगा लोन?
tenure_left,मेरा ये लोन कब तक है
tenure_left,यह लोन किस महीने तक है
tenure_left,यह लोन की आखिरी तारीख क्या है?
tenure_left,इस लोन टेन्योर को समाप्त होने में कितना समय बचा है?
tenure_left,लोन अवधि कब तक है?
tenure_left,कितना टाइम है टेन्योर ख़त्म होने में
tenure_left,लोन कितने दिन और है अभी
tenure_left,मुझे अभी कब तक लोन देना है
tenure_left,लास्ट मंथ क्या है लोन का?
tenure_left,और कितने दिन अभी लोन चलेगा
tenure_left,कितने समय में ख़त्म हो जायेगा लोन?
tenure_left,लोन टेन्योर खत्म होने में क्या समय बचा होगा अभी?
tenure_left,अभी कितने दिन और रहेगा लोन?
tenure_left,कब खत्म होगा लोन?
tenure_left,मेरा लोन कब खत्म हो रहा है
tenure_left,लोन खत्म होने को कितना टाइम रहेगा अभी?
tenure_left,आप लोन टेन्योर कब खत्म हो रहा बता सकते?
tenure_left,मेरा लोन का आखिरी महीना क्या रहेगा?
tenure_left,इसके लिए क्या समय बचा है?
tenure_left,यह लोन कब समाप्त होता है
tenure_left,इस लोन को समाप्त करने के लिए कितना समय बचा है?
tenure_left,लोन की समाप्ति के लिए क्या समय बचा है?
tenure_left,लोन के लिए यह कार्यकाल कब समाप्त होगा?
tenure_left,लोन के कार्यकाल में कितने महीने शेष हैं?
tenure_left,लोन के लिए क्या समय बचा है?
tenure_left,लोन के कार्यकाल में समय क्या बचा है
tenure_left,शेष लोन कार्यकाल
tenure_left,लोन अवधि पर क्या समय बचा है?
reduce_emi,क्या ईएमआई कम की जा सकती है
reduce_emi,क्या ईएमआई के लिए पेमेंट कम किया जा सकता है
reduce_emi,ईएमआ अधिक है इसे कम किया जा सकता है
reduce_emi,ईएमआई कैसे घटा सकते हैं
reduce_emi,ईएमआई घटानी है
reduce_emi,मुझे बहुत ज़्यादा ईएमआई देनी पड़ रही है कम करिये
reduce_emi,मैं इतनी ईएमआई नहीं दे सकता इसमें बदलाव करें
reduce_emi,मैं इतनी ईएमआई का पेमेंट नहीं कर सकता
reduce_emi,हम ईएमआई की राशि कम करना चाहते हैं
reduce_emi,मुझे ईएमआई अमाउंट में चेंज चाहिए
reduce_emi,ईएमआई कितनी कम हो सकती है
reduce_emi,ईएमआई में कितने पैसे कम कर सकते हैं आप
reduce_emi,ईएमआई की राशि बिना बताये बढ़ायी गयी है इसे वापिस पहले जितना करिये
reduce_emi,ईएमआई कैसे कम होगी?
reduce_emi,ईएमआई और कम करनी है
reduce_emi,ईएमआई राशि अधिक है। कृपया इसे कम करें
reduce_emi,मैं अपनी ईएमआई राशि में बदलाव चाहता हूँ
reduce_emi,क्या आप कृपया ईएमआई लागत को कम कर सकते हैं?
reduce_emi,मैं इस तरह की मोटी ईएमआई का पेमेंट नहीं कर पाऊंगा। कृपया इसे कम करने पर विचार करें
reduce_emi,ईएमआई कम करने की प्रक्रिया क्या है
reduce_emi,मैं चाहता हूं कि मेरी ईएमआई 5% कम हो जाए
reduce_emi,मैं आपको ईएमआई कम करने के लिए कह रहा हूं क्योंकि यह पेमेंट करने के लिए बहुत अधिक है
reduce_emi,ईएमआई कम होने के लिए मैं क्या करूं
reduce_emi,मैं आपसे ईएमआई को कम करने का अनुरोध करता हूं
reduce_emi,आप ईएमआई के रूप में बहुत अधिक शुल्क ले रहे हैं। इसे कम करें
reduce_emi,जब तक आप ईएमआई कम नहीं करते मैं इसका पेमेंट नहीं कर सकता
reduce_emi,मैं आधिकारिक रूप से अपनी ईएमआई राशि को बदलने के लिए अनुरोध कहां कर सकता हूं
reduce_emi,मेरी ईएमआई राशि में परिवर्तन करें
reduce_emi,क्या आप ईएमआई लागत कम कर सकते हैं?
reduce_emi,यह आम तौर पर ईएमआई के रूप में पेमेंट करने की तुलना में अधिक है। इसे कम करें
reduce_emi,क्या आप ईएमआई कम कर सकते हैं?
reduce_emi,ईएमआई राशि बहुत है। कृपया इसे कम करें
reduce_emi,आपको ईएमआई की मात्रा घटानी होगी
reduce_emi,ईएमआई की मात्रा कम करें
reduce_emi,मैं इतना पेमेंट नहीं कर पाऊंगा। ईएमआई कम करें
reduce_emi,ईएमआई राशि मेरे लिए बहुत कुछ है। कृपया इसे कम करें
reduce_emi,आपको इसके लिए ईएमआई लागत को कम करना होगा
reduce_emi,मैं ईएमआई कम करना चाहूंगा
reduce_emi,आप मुझे लगता है कि ईएमआई को कम कर सकते हैं
change_emi_due_date,ईएम डेट कैसे बदलें
change_emi_due_date,ईएम तारीख में बदलाव की जरूरत है
change_emi_due_date,ईएमआई के लिए और समय चाहिए
change_emi_due_date,ईएमआई  की डेट कहाँ से बदल सकते?
change_emi_due_date,ईएमआई की डेट बढ़ा दीजिए
change_emi_due_date,ईएमआई की डेट कितनी बार बदल सकते
change_emi_due_date,ईएमआई की डेट चेंज करनी है
change_emi_due_date,ईएमआई १४ तारीख की है पर इसमें चेंज करना है
change_emi_due_date,ईएमआई की तिथि परसो की हैं पर हम दे नहीं पाएँगे पैसे तब आगे कर दीजिये तारीख
change_emi_due_date,मुझे ईएमआई की डेट याद नहीं थी और अभी चेक करने पर कल की बता रहा है | आगे की कोई डेट दे दीजिये
change_emi_due_date,क्या मैं अपनी ईएमआई की देय डेट चेंज कर सकता हूँ
change_emi_due_date,ईएमआई देने की तारीख कल से हटा के अगले हफ्ते कर दीजिये
change_emi_due_date,इस ईएमआई पेमेंट के लिए देय तिथि को इस महीने के बारहवें दिन बदलें
change_emi_due_date,मैं चाहता हूं कि ईएमआई देय तिथियां बदली जाएं
change_emi_due_date,मुझे ईएमआई का पेमेंट करने के लिए अधिक समय चाहिए। कृपया नियत तारीख बदल दें
change_emi_due_date,क्या आप मुझे ईएमआई की तारीख बदलने में मदद कर सकते हैं
change_emi_due_date,पिछले महीने ईएमआई की तारीख बदली गई थी। कृपया इसे वापस बदलें
change_emi_due_date,मैं ईएमआई तारीख कैसे बदल सकता हूं
change_emi_due_date,मैं एक और सप्ताह के लिए ईएमआई का पेमेंट नहीं कर सकता। कृपया इसके अनुसार पुनर्निर्धारित करें
change_emi_due_date,ईएमआई देय तिथि में परिवर्तन कैसे करें
change_emi_due_date,ईएमआई देने की डेट चेंज हो सकती है क्या?
change_emi_due_date,मैं ईएमआई को कल नहीं अगले महीने तक दे पाऊंगा
change_emi_due_date,यह ईएमआई देने की डेट में कैसे चेंजस कर सकते
change_emi_due_date,कोरोना के कारण मुझे ईएमआई की डेट में बदलाव चाहिए
change_emi_due_date,मुझे ईएमआई की डेट आगे बढ़वानी है
change_emi_due_date,ईएमआई देने की डेट कितने दिन में बदल जाएगी
change_emi_due_date,इस ईएमआई की डेट आज की है पर मैं आज नहीं पे कर सकता. डेट बदल दीजिये
change_emi_due_date,क्या मैं ईएम तारीख में बदल पाऊंगा
change_emi_due_date,क्या ईएम तारीख में कुछ बदलाव करना संभव होगा
change_emi_due_date,ईएमआई  तरीक में परिवर्तन मे  मेरी मदद करें
change_emi_due_date,मेरी ईएमआई डेट कैसे बदलें
change_emi_due_date,क्या आप मेरी ईएमआई तारीख बदल सकते हैं?
change_emi_due_date,कृपया मेरी ईएमआई तिथि बदलें
change_emi_due_date,कृपया मेरी ईएमआई नियत तारीख बदल दें
change_emi_due_date,ईएमआई देने में टाइम लग जायेगा इसे चेंज ही कर दो
change_emi_due_date,ईएमआई कल नहीं दे सकते हैं आप आगे बढ़ा लो डेट
change_emi_due_date,मेरी ईएमआई डेट वापिस से बदलनी है
change_emi_due_date,मैं ईएमआई तिथियों में बदलाव कहां कर सकता हूं
change_emi_due_date,ईएमआई देने की तारीख को बदलने की जरूरत है
change_emi_due_date,क्या आप  ईएमआई की तारीख अगले किसी दिन को बदल सकते हैं?
change_emi_due_date,ईएमआई तारीख को बदलें
change_emi_due_date,ईएमआई देने की तारीख बहुत जल्दी है। कृपया इसे बदल दें
change_emi_due_date,क्या आप मेरे लिए ईएमआई की तारीख बदल सकते हैं?
change_emi_due_date,अगले महीने ईएमआई की तारीख बदलें
change_emi_due_date,मेरे पास कुछ अन्य बिल हैं इसलिए कृपया ईएमआई देने की तारीख को बदलें
change_emi_due_date,मैं ईएमआई नियत तारीख में बदलाव चाहता हूं
change_emi_due_date,ईएमआई देने की तारीख बदलें
ask_late_fees,लेट फीस कितनी है?
ask_late_fees,मैं पेमेंट में देरी करूँगा तो क्या लेट फीस भी देनी पड़ेगी?
ask_late_fees,लेट पेमेंट पर कोई फाइन भी है क्या?
ask_late_fees,देर से पेमेंट करने पर विलंब शुल्क क्या होगा?
ask_late_fees,मुझे कितना फाइन देना है?
ask_late_fees,मेरा पेमेंट लेट हो गया है इस बार कितना फाइन लगेगा?
ask_late_fees,पहली बार अगर पेमेंट लेट हुआ है तब भी फाइन देना होगा क्या?
ask_late_fees,"मुझे याद नहीं थी पेमेंट डेट, फाइन देना पड़ेगा क्या?"
ask_late_fees,मुझे लेट फीस पता करनी थी 
ask_late_fees,लेट फाइन कितना होगा इस बार?
ask_late_fees,इस बार पेमेंट लेट हो जायेगा कितना फाइन देना पड़ेगा?
ask_late_fees,क्या आप मुझे बता सकते हैं कि मुझे कितनी लेट फीस देनी है?
ask_late_fees,लेट फाइन का अमाउंट क्या है
ask_late_fees,मैं पे कर दूंगा कितना है फाइन?
ask_late_fees,"पहली बार का भी फाइन बचा है, टोटल कितना फाइन दूँ?"
ask_late_fees,देर से पेमेंट के लिए शुल्क कितना है?
ask_late_fees,इसके लिए लेट फी क्या होगा?
ask_late_fees,मेरा फाइन कितना हो जायेगा दो दिन लेट से पे करने पर?
ask_late_fees,फाइन कितना है मेरा?
ask_late_fees,लेट फी कितनी है?
ask_late_fees,पेमेंट डेट के बाद पे करने पर और कितना एक्स्ट्रा पैसा देना पड़ता है?
ask_late_fees,लेट फी चार्जेज क्या हैं?
ask_late_fees,लेट फाइन कितना है
ask_late_fees,मैं समय पर पेमेंट करना भूल गया। देर से पेमेंट के लिए शुल्क क्या होगा?
ask_late_fees,लेट फीस बता दीजिये
ask_late_fees,क्या कोई लेट फीस है
ask_late_fees,लेट फीस कब तक देनी है?
ask_late_fees,लेट फाइन कब तक दे सकते हैं?
ask_late_fees,ज़्यादा फाइन है क्या लेट पेमेंट का?
ask_late_fees,पैसे टाइम से न देने पर कितना फाइन लगाते हैं आप लोग? 
ask_late_fees,लेट फाइन क्या है?
ask_late_fees,लेट फीस कितनी देनी पड़ेगी
ask_late_fees,लेट फीस क्या होगा? 
ask_late_fees,मुझे पेमेंट के लिए 3 दिन की देरी है। कोई लेट फीस?
ask_late_fees,अगर लेट फी हे और मेने नहीं दिया तो 
ask_late_fees,लेट फीस क्यों है?
ask_late_fees,क्या आप एक दिन देरी से ईएमआई का पेमेंट करने के लिए लेट फीस लेते हैं?
ask_late_fees,मुझे कितनी लेट फीस देनी होगी?
ask_late_fees,लेट फीस इतनी क्यों है?
ask_late_fees,लेट फीस की कॉस्ट?
ask_late_fees,मुझे विलंब शुल्क के लिए कितना पेमेंट करना होगा?
ask_late_fees,क्या विलंब शुल्क ज़्यादा  होगा 
ask_late_fees,लेट फीस के रूप में मुझे कितना चार्ज करेंगे?
ask_late_fees,क्या होगा अगर मैं विलंब शुल्क का पेमेंट करना भूल गया?
ask_late_fees,क्या लेट फीस ज़्यादा मेहंगा पड़ेगा
ask_late_fees,आप लेट फी पेमेंट कैसे करते हैं
ask_late_fees,लेट फी के बारे में कुछ जानकारी चाहिए
ask_late_fees,लेट फी के बारे में जानकारी कहाँ मिलेगी
ask_late_fees,क्या मुझे लेट फी की जानकारी दी जाएगी
ask_late_fees,किस आधार पर लेट फीस होता है
inform_do_not_call,कॉल मत करो मैं देख लूँगा बाद में
inform_do_not_call,कॉल करने की नीड नहीं है
inform_do_not_call,बार बार कॉल मत करो
inform_do_not_call,कॉल नहीं करना अब मैं बिजी हूं
inform_do_not_call,कॉल मत करो मुझे याद हे 
inform_do_not_call,अब कॉल नहीं करना हमें प्लीज
inform_do_not_call,एक कॉल काफी हे बार बार कॉल मत करो 
inform_do_not_call,बार बार कॉल करके डिस्टर्ब मैथ करो 
inform_do_not_call,अब मत फोन करो क्योंकि मैं व्यस्त हूँ
inform_do_not_call,मैं मीटिंग में हूँ इसलिए कॉल मत करो
inform_do_not_call,फोन नहीं करो अभी क्योंकि मैं दूसरा काम कर रहा हूँ
inform_do_not_call,इतनी बार कॉल कौन करता है? अब नहीं करना फोन
inform_do_not_call,हमें फोन करके परेशान करना बंद कीजिए
inform_do_not_call,कृपया अनावश्यक कॉल करना बंद करें
inform_do_not_call,रहने देते हैं अब आगे से फोन नहीं करना
inform_do_not_call,कॉल न करें
inform_do_not_call,फोन कर करके परेशान कर दिया है आप लोग ने अब नहीं करिए फ़ोन क्यूंकि हमे बात नहीं करनी
inform_do_not_call,अब से इस नंबर पर कॉल न करें
inform_do_not_call,"सुनो, अब फोन मत करो"
inform_do_not_call,रोज़-रोज़ फोन मत किया करिए
inform_do_not_call,अब एक भी कॉल नहीं आनी चाहिए आपकी तरफ से
inform_do_not_call,पेमेंट के लिए बार बार कॉल मत करिये | मुझे याद है कर दूंगा पे
inform_do_not_call,मुझे अब कॉल मत करिएगा कल तक
inform_do_not_call,ये कॉल करना बंद करो आप लोग
inform_do_not_call,मुझे आगे नहीं बात करनी इस बारे में तो कॉल मत करना
inform_do_not_call,क्या आप कॉल करना बंद करसकते हे 
inform_do_not_call,क्या आप कॉल करना बंद कर सकते हैं
inform_do_not_call,क्या आप बिना किसी कारण के कॉल करना बंद कर सकते हैं?
inform_do_not_call,कृपया मुझे कॉल न करें
inform_do_not_call,मुझे कॉल ना करें
inform_do_not_call,अब मुझे मत कॉल करें
inform_do_not_call,कृपया फोन न करें
inform_do_not_call,बाद में कॉल करना मे अब बिजी हूँ 
inform_do_not_call,कॉल करके डिस्टर्ब मत करो 
inform_do_not_call,कॉल मत करो मे किसी ओर काम मे हूँ 
inform_do_not_call,अब आप फोन नहीं कर सकते
inform_do_not_call,बेहतर हैं इस समय के बाद फोन न करें
inform_do_not_call,ये सही समय नहीं है बाद मे कॉल करो 
inform_do_not_call,प्लीज बाद मे कॉल करो 
inform_do_not_call,मे ऑफिस मे हु बाद मे कॉल करो 
inform_call_later,कभी और फ़ोन करियेगा
inform_call_later,मे बाद मे सुनूंगा 
inform_call_later,किसी और टाइम बात करना 
inform_call_later,यह किसी और दिन बताना
inform_call_later,बाद में फ़ोन करना
inform_call_later,आप किसी और दिन कॉल करो
inform_call_later,किसी और दिन बताना
inform_call_later,बाद में किसी दिन बात करते इस पर
inform_call_later,यह कभी और डिसकस करते
inform_call_later,कृपया कुछ और समय पर कॉल करें।
inform_call_later,यह बात करने का सबसे अच्छा समय नहीं है। बाद में कॉल करें
inform_call_later,कृपया बाद में फोन करें
inform_call_later,मैं आपसे बाद में बात कर सकता हूं।
inform_call_later,मैं बाद में बात करूंगा जब मेरे पास समय होगा।
inform_call_later,बाद में बात करूँगा।
inform_call_later,बाद में कॉल करें जब मैं फ्री हूं।
inform_call_later,शाम को मुझे फोन करो किसी और दिन।
inform_call_later,फिर कबि कॉल करना मे अभी मुजे  मीटिंग हे 
inform_call_later,थोड़ी देर मे कॉल करो 
inform_call_later,किसी और समय कॉल करो
inform_call_later,बाद मे कॉल करो 
inform_call_later,किसी और टाइम बात करते हैं इस बारे में
inform_call_later,कृपया मुझे किसी और समय पर कॉल करें
inform_call_later,बात दिन में हो जायेगी तब करियेगा कॉल
inform_call_later,दिन में किसी वक़्त करना कॉल तब देखते
inform_call_later,मुझे तुम शाम में बाद में करो फ़ोन तब बात करते
inform_call_later,हमें बाद में किसी टाइम बताना कॉल करके इसके बारे में
inform_call_later,दिन में ही बात हो पायेगी तभी करना कॉल बाद में 
inform_call_later,बाद में बात करेंगे
inform_call_later,"हाँ, बाद में सुबह करो कॉल | हो जायेगी तब बात "
inform_call_later,किसी और समय बात करते हैं
inform_call_later,किसी और दिन बात करते हैं
inform_call_later,कॉल बाद में किसी टाइम करो
inform_call_later,बाद के ही किसी टाइम के शेडूल करना कॉल
inform_call_later,मुझे कॉल बाद मे करो 
inform_call_later,तुम बाद में फोन कर लेना
inform_call_later,कुछ समय बाद फोन करें
inform_call_later,आप शाम को फोन कर सकते हैं
inform_call_later,मैं बाद में फ्री हो जाऊंगा तो कृपया कॉल करें
inform_call_later,सुबह देर से कॉल करें
inform_wrong_info,ये जानकारी गलत है
inform_wrong_info,मेरी मासिक किश्त इतनी नहीं है 
inform_wrong_info,आप गलत जानकारी दे रहे हो 
inform_wrong_info,आप गलत तारीख बता रहे हो
inform_wrong_info,आप गलत ईएमआई बता रहे हो 
inform_wrong_info,"नहीं यह गलत है , मेरा इतना अमाउंट बाकी नहीं है। "
inform_wrong_info,नहीं आप गलत बोल रहे हो। 
inform_wrong_info,मैंने तो लोन लिया ही नहीं है
inform_wrong_info,लोन अमाउंट गलत है 
inform_wrong_info,मेरा लोन पूरा हो गया है 
inform_wrong_info,"मैंने लोन ख़त्म कर दिया है, आप गलत बोल रहे हो।"
inform_wrong_info,"मेरा इमआई तो अलग है, आपको गलत फ़हमी हो गयी है।"
inform_wrong_info,"तुम गलत बोल रही हो, मेरा लोन तो इसी साल ख़त्म हो रहा है।"
inform_wrong_info,इससे ज़्यादा था प्रिंसिपल अमाउंट
inform_wrong_info,गलत इंटरेस्ट बता रहे हो
inform_wrong_info,"ईएमआई अमाउंट बताओ, प्रिंसिपल अमाउंट नहीं"
inform_wrong_info,आप मुझे गलत जानकारी दे रहे हैं
inform_wrong_info,"मेरे लोन का मूल्य इतना नहीं है, कुछ गलत है"
inform_wrong_info,ये कौन सी मई का अमाउंट बोल रहे हो इतना नहीं देता हूँ मैं
inform_wrong_info,इस जानकारी में कुछ गड़बड़ है। कृपया पुष्टि
inform_wrong_info,आपने गलत अकाउंट का इनफार्मेशन दे दिया है
inform_wrong_info,लोन देने की आखिरी डेट तो अगले महीने थी न यह क्या अलग बता रहे हो
inform_wrong_info,यह गलत जानकारी दे रही हो मैं इससे ज्यादा लोन दे चूका हूँ
inform_wrong_info,इससे ज़्यादा टाइम बचा है लोन भरने को गलत बता रहे हो आप
inform_wrong_info,मेरा प्रिंसिपल अमाउंट ये नहीं था
inform_wrong_info,इंटरेस्ट इतना नहीं होगा
inform_wrong_info,सही अकाउंट नंबर का बताओ ये नहीं है हमारा
inform_wrong_info,यह गलत लोन ईएमआई बोल रहे हो तुम
inform_wrong_info,ये मेरा नाम नहीं है किसी और बता रहे हो आप
inform_wrong_info,आप ये गलत बता रहे हो
inform_wrong_info,गलत इन्फो दे रहे हो
inform_wrong_info,वेबसाइट पे तोह कुछ और लिखा है गलत क्यों बता रहे हो?
inform_wrong_info,तुम गलत ईएमआई बता रही हो
inform_wrong_info,ये गलत लोन डिटेल्स हैं पर
inform_wrong_info,इंटरेस्ट रेट पहले तो यह नहीं था गलत बता दिए हो क्या
inform_wrong_info,क्या बात कर रहे हो? पूरा ईएमआई दे चुके हैं हम
inform_wrong_info,बेकार में गलत इन्फो मत दो
inform_wrong_info,आप मुझे गलत जानकारी दे रहे हैं। कृपया पुनः जाँच करें और वापस आ जाएँ
inform_wrong_info,इंटेरेस रेट से रिलेटेड गलत इन्फो दे दी है तुमने
affirm,हाँ कर देंगे 
affirm,ये हो जायेगा 
affirm,हाँ जरूर ये हो जायेगा 
affirm,ठीक है कर देंगे 
affirm,जरूर ये हो जायेगा 
affirm,ठीक है कर देंगे 
affirm,मैंने कहा हाँ कर दूंगा 
affirm,जल्दी ही कर देंगे 
deny,मैं नहीं कर पा रहा हूँ 
deny,मैं नहीं करूँगा 
deny,मैं नहीं कर सकता 
deny,मैं नहीं करूँगा 
deny,मैं नहीं कर पाउँगा 
deny,मैं ये नहीं कर पाउँगा 
deny,मैं ये नहीं करने वाला
deny,अभी नहीं करूँगा  
deny,अभी नहीं कर सकता 
deny,मैं अभी नहीं कर सकता 
deny,नहीं करूँगा 
deny,"नहीं, मैंने अपना माइन्ड चेंज कर लिया "
deny,"नहीं, मैं वो नहीं चाहता "
deny,बिलकुल भी नहीं 
deny,ये करने का कोई चांस नहीं 
deny,पॉसिबल नहीं है
deny,मुझे यह नहीं चाहिए  
deny,जरुरत नहीं है 
affirm,हाँ हाँ
affirm,बढ़िया है
affirm,ठीक है जी
affirm,"हां, मैं उसी खाते के साथ जारी रखना चाहता हूं."
affirm,मैं ऐसा कहूंगा
affirm,हाहा
affirm,ओके
affirm,हा ठीक है
affirm,हम्म्म्म
affirm,मैं हाँ कहूँगा
affirm,हम्म्म्म
affirm,आगे बढ़ें
affirm,हाहा
affirm,येह
affirm,हम्म्म्म
affirm,सही बात
affirm,ठीक ठीक
affirm,हाँ हाँ
affirm,हा ठीक है
affirm,कूल
affirm,यस
affirm,ठीक है जी
affirm,हा ठीक है
affirm,अहां 
affirm,ठीक ठीक
affirm,ज़रूर
affirm,ठीक
affirm,हाँ
affirm,ठीक है जी
affirm,ठीक है फिर
affirm,ओके
affirm,ओ ये
affirm,आप सही हे
affirm,सटीक
affirm,यस
affirm,कूल
affirm,हां
affirm,ऑसम
affirm,सही बात
affirm,हां
affirm,येह
affirm,हाँ
affirm,ठीक है
affirm,यस
affirm,ओके
affirm,ठीक ठीक
affirm,ठीक ठीक
affirm,हाँ
affirm,आगे बढ़ें
affirm,सही बात
affirm,ज़रूर
affirm,ओके
affirm,सटीक
affirm,आगे बढ़ें
affirm,ठीक
affirm,जी है
deny,और कुछ नहीं
deny,"नहीं, मैंने अपना विचार बदल दिया है."
deny,"नहीं, मैं ऐसा नहीं चाहता."
deny,मैं नहीं कर सकता
deny,ना
deny,"नहीं, मैं ऐसा नहीं चाहता."
deny,नाय
deny,नाह
deny,और कुछ नहीं
deny,मुझे नहीं पता
deny,और कुछ नहीं
deny,मुझे नहीं पता
deny,रहने भी दो
deny,मुझे याद नहीं है
deny,हर्गिज नहीं
deny,नाह
deny,कोई मौका नहीं
deny,नहीं
deny,सवाल ही नहीं
deny,संभव नहीं
deny,मैं नहीं कर सकता
deny,ना ना
deny,इंतज़ार नही.
deny,नहीं
deny,अरे नहीं बाबा
deny,नहीं
deny,ना
deny,मुझे नहीं पता
deny,कोई मौका नहीं
deny,ना
deny,रहने भी दो
deny,मैं नहीं करना चाहता
deny,नही
deny,ना ना
deny,मैं नहीं करना चाहता
deny,अरे नहीं जानना है
deny,कुछ नहीं जानना है
deny,मैंने आदेश नहीं दिया है
deny,मैं यह नहीं चाहता
deny,आवश्यकता नहीं है
thankyou,अभी इतना काफी है
thankyou,थैंक्स
thankyou,थॅंक्स
thankyou,आपका बहुत बहुत धन्यवाद
thankyou,बहुत बहुत शुक्रिया
thankyou,मैं आपको धन्यवाद देता हूँ
thankyou,थैंक्स यार
thankyou,थँक्स
thankyou,शुक्रिया
thankyou,बहुत बहुत शुक्रिया
thankyou,धन्यवाद अलविदा
thankyou,बहुत थैंक्स
thankyou,शुक्रिया
thankyou,शुक्रिया आपका बहुत
thankyou,शुक्रिया
thankyou,धन्यवाद अलविदा
thankyou,मैं आपको धन्यवाद देता हूँ
thankyou,शुक्रिया आपका बहुत
thankyou,बहुत बहुत शुक्रिया
thankyou,शुक्रिया
thankyou,मदद के लिए शुक्रिया
thankyou,बहुत बहुत शुक्रिया
thankyou,बहुत बहुत शुक्रिया
thankyou,थैंक यू
thankyou,थॅंक्स
thankyou,मैं आपको अपने दिल से धन्यवाद देता हूं
thankyou,बहुत धन्यवाद
thankyou,थॅंक्स
thankyou,मैं आपको अपने दिल से धन्यवाद देता हूं
thankyou,धन्यवाद अलविदा
thankyou,मदद के लिए शुक्रिया
thankyou,बहुत धन्यवाद
thankyou,बहुत थैंक्स
thankyou,थैंक यू
thankyou,मैं आपको अपने दिल से धन्यवाद देता हूं
thankyou,आपका बहुत बहुत धन्यवाद
thankyou,थँक्स
thankyou,मैं आभारी हूँ. बहुत बहुत धन्यवाद
thankyou,थॅंक्स
thankyou,थँक्स
thankyou,अनेक अनेक धन्यवाद
thankyou,बहुत बहुत धन्यवाद
thankyou,थैंक यू
thankyou,थैंक्स यार
thankyou,धन्यवाद
thankyou,शुक्रिया
thankyou,थैंक्स यू
thankyou,थॅंक्स
thankyou,थैंक्स यार
thankyou,थैंक्स
thankyou,आपके सेवा के लिए धन्यवाद
thankyou,बहुत बहुत शुक्रिया
thankyou,धन्यवाद अलविदा
thankyou,थैंक्स यू
thankyou,अनेक अनेक धन्यवाद
thankyou,मैं आपको अपने दिल से धन्यवाद देता हूं
thankyou,आपका बहुत बहुत धन्यवाद
thankyou,थैंक्स
thankyou,मैं आपको धन्यवाद देता हूँ
thankyou,मदद के लिए शुक्रिया
thankyou,आपका बहुत बहुत धन्यवाद
thankyou,शुक्रिया आपका बहुत
thankyou,मैं आपको अपने दिल से धन्यवाद देता हूं
thankyou,बहुत धन्यवाद
thankyou,थैंक्स यू
thankyou,बहुत धन्यवाद
thankyou,थँक्स
thankyou,थैंक्स यू
thankyou,धन्यवाद
thankyou,आपके सेवा के लिए धन्यवाद
thankyou,मैं आपको अपने दिल से धन्यवाद देता हूं
thankyou,बहुत बहुत शुक्रिया
thankyou,अनेक अनेक धन्यवाद
thankyou,आपके सेवा के लिए धन्यवाद
thankyou,बहुत बहुत शुक्रिया
thankyou,थँक्स
thankyou,मैं आपको धन्यवाद देता हूँ
thankyou,अनेक अनेक धन्यवाद
thankyou,मैं आभारी हूँ. बहुत बहुत धन्यवाद
thankyou,बहुत थैंक्स
thankyou,मदद के लिए शुक्रिया
thankyou,बहुत बहुत शुक्रिया
thankyou,थैंक यू
thankyou,थैंक यू
thankyou,थैंक्स यू
thankyou,मैं आभारी हूँ. बहुत बहुत धन्यवाद
thankyou,बहुत धन्यवाद
thankyou,बहुत थैंक्स
thankyou,थॅंक्स
thankyou,थैंक यू
thankyou,थैंक्स यू
thankyou,थैंक यू
thankyou,मैं आपको धन्यवाद देता हूँ
thankyou,आपका बहुत बहुत धन्यवाद
thankyou,बहुत थैंक्स
thankyou,शुक्रिया आपका बहुत
thankyou,आपका बहुत बहुत धन्यवाद
thankyou,मैं आपको धन्यवाद देता हूँ
thankyou,आपका बहुत बहुत धन्यवाद
thankyou,अनेक अनेक धन्यवाद
thankyou,ठीक है धन्यवाद
thankyou,नहीं पर मदद के लिए धन्यवाद
thankyou,हाँ थैंक यु मैम
thankyou,नहीं और कुछ नहीं जानना है धन्यवाद
thankyou,नहीं ठीक है और कुछ नहीं जानना है धन्यवाद
thankyou,नहीं ठीक है बहुत-बहुत धन्यवाद मैडम आपका
thankyou,नहीं ठीक है धन्यवाद
thankyou,नहीं ठीक है थैंक यू
thankyou,नहीं कुछ नहीं जानना है धन्यवाद
thankyou,धन्यवाद
bye,ठीक है बाय
bye,बाय बाय
bye,ठीक है बाय
bye,टाटा
bye,ठीक हे अलविदा
bye,टाटा
bye,जाना होगा
bye,बा बाय
bye,बाई
bye,ध्यान रखें
bye,थैंक्स बाय
bye,अलविदा अलविदा अलविदा
bye,सीया!
bye,बाए
bye,अलविदा
bye,बा बाय
bye,ठीक है बाय
bye,बहुत लंबा
bye,चलो बाय
bye,अलविदा
bye,बाय
bye,अलविदा
bye,बहुत लंबा
bye,अलविदा अलविदा अलविदा
bye,बाई
bye,बाय
bye,केके अलविदा
bye,जल्द ही फिर मिलेंगे
bye,अलविदा
bye,आप दौर देखो
bye,जल्द ही फिर मिलेंगे
bye,बा बाय
bye,बाद में मिलता हूँ!
bye,फिर मिलते हैं
bye,टाटा
bye,"धन्यवाद, अलविदा."
bye,मुझे जाना है
bye,टाटा
bye,"धन्यवाद, अलविदा."
bye,बहुत लंबा
bye,ठीक है शुक्रिया अलविदा
bye,केके अलविदा
bye,आप दौर देखो
bye,मुझे जाना है
bye,चलो बाय
bye,फिर मिलते हैं
bye,ठीक हे अलविदा
bye,ठीक हे अलविदा
bye,"धन्यवाद, अलविदा."
bye,जाना होगा
bye,बाए
bye,फिर मिलेंगे!
bye,सीया!
bye,ठीक है बाय
bye,थैंक्स बाय
bye,टाटा
bye,बाए
bye,ओके बाय
bye,बाद में बात करेंगे 
bye,फिर मिलते हैं
bye,ध्यान रखें
bye,फिर मिलेंगे
bye,अलविदा
bye,आपका दिन शुभ हो
bye,टाटा
bye,धन्यवाद अलविदा
bye,ध्यान रखें
bye,सीया!
bye,बाय बाय
bye,ओके बाय बाय
bye,जल्द ही फिर मिलेंगे
bye,बहुत लंबा
bye,आपका दिन शुभ हो
bye,थैंक्स बाय
bye,केके अलविदा
bye,ओके बाय
bye,ठीक है बाय
bye,"धन्यवाद, अलविदा."
bye,जाना होगा
bye,बाय बाय
bye,बाई
bye,धन्यवाद अलविदा
bye,आप दौर देखो
bye,जाना होगा
bye,बाय
bye,"धन्यवाद, अलविदा."
bye,मुझे जाना है
bye,आपका दिन शुभ हो
bye,सीया!
bye,मुझे जाना है
bye,बाए
bye,आपका दिन शुभ हो
bye,धन्यवाद अलविदा
bye,फिर मिलेंगे
bye,बाद में मिलता हूँ!
bye,अलविदा अलविदा अलविदा
bye,ओके बाय बाय
bye,"धन्यवाद, अलविदा."
bye,ठीक है शुक्रिया अलविदा
bye,बा बाय
bye,जाना नहीं है आप बंद कर दो
bye,आप कॉल काट दीजिए
bye,बाय
bye,चलो में चेक करके आपको कांटेक्ट करती हु
bye,अरे नहीं हो गया हमारे काम ठीक है बाय बाय बाय
bye,नहीं ठीक है धन्यवाद बाय बाय
bye,बाय
bye,अरे नहीं थैंक यू बाय
wait,2 मिनट दो बताता हूं
wait,रुको देखने दो
wait,थोड़ा समय लगेगा देखने दो
wait,बता रहा हूं थोड़ा समय दो
wait,1 सेकंड रुको देख रहे हैं ऐप में
wait,ऐप में ढूंढने में टाइम लगेगा 1 मिनट रुको
wait,हां होल्ड करो देख रहे हैं
wait,होल्ड करना
wait,जाओगे नहीं ना आ रहे हैं
wait,हां होल्ड कर रहे हैं देखकर बताते हैं
wait,रुकिया ढूंढना पड़ेगा
wait,रुको देखो पूछ कर बताते हैं
wait,हां ठीक है 1 मिनट रुको
wait,अच्छा रुको देख कर बताता है
wait,ठीक है ठीक है देखता हूं रुको
wait,5 मिनट का समय लगेगा
wait,थोड़ा समय लगेगा देखने दो
wait,ढूंढने का समय दो
wait,ऑर्डर आईडी ढूंढ रहे हैं थोड़ा रुको क्या
wait,हां वेट
wait,रुको दूसरे नंबर से कस्टमर को कॉल कर रहे हैं
wait,रुको कस्टमर से पूछ कर बताते हैं
wait,आईडी ध्यान नहीं है थोड़ा देखना पड़ेगा 1 मिनट वेट करो
wait,कस्टमर को कॉल नहीं लग रहा है रुको एक बार देखते हैं
wait,अभी कॉल करते हैं कस्टमर को रुको
wait,आई नीड फाइव मिनट्स
wait,5 मिनट होल्ड
wait,लेट मी चेक एल बी बैक
wait,प्लीज होल्ड
wait,प्लीज वेट
wait,प्लीज स्टे देयर आई एम चेकिंग
wait,आई एम चेकिंग थोड़ा रुको
wait,ऐसे कैसे बता दे 2 मिनट तो दो
wait,हाथ में थोड़ी लिखा हुआ है थोड़ा टाइम दो
wait,आईडी भूल गया देखने दो 1 मिनट रुको
wait,स्टॉप फॉर 1 मिनट प्लीज
wait,प्लीज शट अप
wait,ठीक है रुको देख रहे हैं
wait,कुछ मिनट दो वापस देख कर बताता हूं
wait,कहीं जाना मत आ रहे हैं
wait,ऑल राइट होल्ड ऑन लेट मी चेक
wait,ठीक है बताता हूं 1 मिनट
wait,मैं करती हूं देर से बात कर रहे हैं उन्होंने आपके कॉल को होल्ड पर रखा है कृपया लाइन पर बनी रहे
wait,हाँ एक सेकंड हम एक ऑर्डर नंबर दे रहा है आपको एक सेकंड
wait,1 मिनट रुको बताता हूं
repeat,फिर से बताइये
repeat,मैं समझ नहीं पाया फिर से बता दीजिये
repeat,फिर से बोलो
repeat,एक बार फिर बताइए समझ नहीं पाए
repeat,पल्ले नहीं पड़ा कुछ भी फिर से बोलो
repeat,नहीं समझ पा रहे फिर से बताइये
repeat,क्या कह रहे आप? एक बार और बोलिए
repeat,सुन नहीं पाये फिर से बोलना
repeat,क्या बोल गए?  समझ नहीं आया फिर से बताइये
repeat,दोबारा बताओ समझ नहीं पाए
repeat,एक बार और बता दीजिये समझ नहीं पाया मैं
repeat,एक बार दुबारा बताओ क्या बोल रहे थे
repeat,एक बार फिरसे बता सकते?
repeat,मैं ध्यान नहीं दे रहा था फिर से बताओ
repeat,कुछ नहीं सुना फिर बोलो
repeat,देखो मैं समझ नहीं पाया इसलिए फिर से बताओ एक बार
repeat,क्या आप फिर से बोल सकते हैं? मैं समझ नहीं पाया
repeat,आपने जो कहा उसे दोहराएं। मुझे एक भी बात समझ नहीं आई
repeat,फिर से कहो। आपकी आवाज़ स्पष्ट नहीं थी इसलिए समझ नहीं पाई
repeat,"इससे पहले आपने जो कहा, मैंने नहीं सुना। कृपया दोहराये"
repeat,नहीं समझ पाया. एक बार दोहरा दीजिये
repeat,फिर से बताएं जो बोला आपने
repeat,अभी आपने जो कहा उसे दोहराएं। मैं समझ नहीं पाया
repeat,मैं यह समझने में नाकाम रहा कि आपने क्या कहा। दोहराएँ।
repeat,आपको वही दोहराना होगा जो आपने कहा था क्योंकि मुझे समझ नहीं आया कि आपने क्या कहा
repeat,एक बार फिर बोल दो कुछ नहीं समझ पाये हम
repeat,मुझे समझ नहीं आया। कृपया दोहराएँ
repeat,मैं समझ नहीं पा रहा की आप क्या कह रहे हैं। कृपया दोहराये
repeat,कृपया एक बार और कहें ताकि मैं समझ सकूं
repeat,आपने जो समझाया उसे दोहराएं। मैं समझने में असफल रहा
repeat,मैं समझ नहीं पाई दोबारा बता दीजिए
repeat,नहीं समझ आ रहा है फिर से बताओ
repeat,समझ नहीं आया कतई फिर से बोलो
repeat,मैं नहीं समझ पायी क्या बोला तुमने रिपीट 
repeat,रिपीट करो क्यूंकि नहीं समझ आया है क्या बोलै
repeat,पता नहीं क्या बोल रहे हो रिपीट 
repeat,रिपीट कर दो मैंने सुना नहीं
repeat,समझ नहीं पाये बता दो दुबारा से
repeat,"जैसा कि मुझे समझ नहीं आया, आपको इसे दोहराना होगा"
repeat,क्या आप इसे दोहरा सकते हैं जैसा कि मुझे समझ नहीं आया
ask_human_handoff,मैं कस्टमर केयर से बात करना चाहूंगा।
ask_human_handoff,मैं आपके एजेंट से बात करना चाहता हूं
ask_human_handoff,किसी इंसान से कनेक्ट करो
ask_human_handoff,कोई एजेंट है जिससे बात कर सकेंगे
ask_human_handoff,बहुत दिमाग हो तुमको यह जेंट से बात करा दो
ask_human_handoff,अभी एकदम टाइम नहीं है कोई एजेंट है जिससे जल्दी से बात हो पाए
ask_human_handoff,कनेक्ट करो एजेंट से
ask_human_handoff,एजेंट से बात करो
ask_human_handoff,नहीं हमको एजेंट से बात करनी है
ask_human_handoff,किसी व्यक्ति से बात करो
ask_human_handoff,कोई भी जेंट्स फ्री नहीं है क्या
ask_human_handoff,कोई एजेंट फ्री है
ask_human_handoff,एजेंट अगर फ्री है तो फिर कॉल फॉरवर्ड कर दो
ask_human_handoff,मुझे इंसान से बात करनी है
ask_human_handoff,मुझे कस्टमर केयर से बात करनी है
ask_human_handoff,कस्टमर एजेंट से बात करो
ask_human_handoff,कस्टमर केयर को कॉल करो
ask_human_handoff,मैं कस्टमर केयर से बात करना चाहूंगा
ask_human_handoff,क्या आप इस कॉल को किसी भी एजेंट को पास कर सकते हैं?
ask_human_handoff,कस्टमर केयर पर बात करना ज्यादा सही रहेगा
ask_human_handoff,मुझे किसी एजेंट से बात करवा दो तुम
ask_human_handoff,किसी और से बात करवाओ
ask_human_handoff,किसी एजेंट से बात हो सकती है क्या?
ask_human_handoff,मैं एजेंट से बात करना पसंद करूँगा
ask_human_handoff,मेरे को किसी एजेंट से बात करवा दो
ask_human_handoff,बॉट से बात नहीं करनी है
ask_human_handoff,मैं बॉट से नहीं बल्कि एक एजेंट से बात करूंगा
ask_human_handoff,मुझे लगता है कि कस्टमर केयर से कोई बेहतर मदद कर सकता है
inform,१ जनवरी २०२०
inform,१४ जनवरी २०२०
inform,५ जून २०२०
inform,१० अप्रैल २०२०
inform,मार्च २०२०
inform,१७ मई २०२०
inform,११ अक्टूबर २०२०
inform,५ सितंबर २०१९
inform,१२ फरवरी
inform,८ नवंबर
inform,१४ जुलाई २०२०
inform,१६ दिसंबर २०२०
inform,१९ अगस्त २०२० 
inform,नवंबर १०
inform,६ अगस्त २०१५
inform,२१ दिसंबर २०१८
inform,४ बजे 
inform,5 बजे
inform,११ अक्टूबर
inform,१३ अप्रैल २०२०
inform,२ मई 
inform,३ फरवरी २०१५
inform,१६ जनवरी २०२०
inform,१६ अगस्त २०२०
inform,७ फरवरी २०२०
inform,२२ सितंबर २०२०
inform,१२ जुलाई २०२०
inform,२७ जून २०२०
inform,१३ नवंबर २०२०
inform,१२ मई २०२०
inform,१६ जनवरी
inform,१२ जुलाई २०२०
inform,१३ अगस्त २०१८
inform,१४ जुलाई २०१८
inform,१३ अप्रैल २०२०
inform,१६ जुलाई २०२०
inform,२ नवंबर २०२०
inform,६ जुलाई २०२०
inform,१९ मई २०२० 
inform,२० दिसंबर २०२० 
inform,२१ फरवरी २०२०
inform,२२ अक्टूबर २०२०
inform,१३ नवंबर २०२०
inform,१४ जून २०२०
inform,२० सितंबर २०२०
inform,१४ दिसंबर २०२०
inform,७ अप्रैल २०२०
inform,१३ जनवरी २०२०
inform,४ अप्रैल २०२०
inform,२७ मई २०२०
inform,3:00
inform,कल दोपहर 2 बजे
inform,सोमवार शाम को 5 बजे
inform,26 फेब 7 बजे
inform,सुबह 7 बजे मंगलवार को
inform,मंगलवार शाम 7 बजे
inform,कल शाम 4 बजे
inform,कल के बाद वाले दिन में दोपहर 3 बजे
inform,सुबह 10 बजे
inform,परसों शाम 4 बजे
inform,बीते हुए कल में दोपहर करीब 3 बजे
inform,कल रात 8 बजे
inform,अगले हफ्ते शाम 6 बजे
inform,आज दोपहर 3 बजे
inform,4 बजे शाम को
inform,8 बजे शाम को
inform,6 बजे सुबह
inform,शाम 6.30 बजे
inform,कल शाम 5:30 बजे
inform,28 मार्च शाम 4:30 बजे
inform,1 मार्च सुबह 5 बजे
inform,अगले बुधवार रात 8 बजे
inform,रात्रि 9:30 बजे
inform,रात्रि 8:45 बजे
inform,रविवार दोपहर 3 बजे 
inform,4 अगस्त को सुबह 8 बजे
inform,दोपहर में 1 बजे 12 अप्रैल को
inform,21 मार्च शाम 7 बजे
inform,अगले रविवार शाम 8 बजे
inform,आज दोपहर 1:30 बजे
humiliate,तुम बिलकुल पागल हो 
humiliate,चुप रहो बेवकूफ 
humiliate,अपने बॉस से बात करना सीखो पहले 
humiliate,फालतू की बात मत करो 
humiliate,"पिए हो क्या, ऐसे जवाब क्यों दे रहे हो?"
humiliate,क्या तुम ब्लब्बर कर रहे हो
humiliate,तुम्हारे पास कोई सेंस नहीं है
humiliate,पता नहीं किसने तुम जैसे बेवकूफ को बनाया
humiliate,तुम इतनी सस्ती कंपनी हो
humiliate,बेकार हो तुम
humiliate,तुम भी किसी काम के नहीं हो
humiliate,मैंने आज किसका चेहरा देखा कि मुझे तुमसे बात करनी पड़ी
humiliate,मेरे साथ बकवास बंद करो
humiliate,क्या आप अभी शटअप करेंगे
humiliate,भाड़ में जाओ
humiliate,मैं अब आपकी बकवास बर्दाश्त नहीं कर सकता
humiliate,मेरे दिमाग के साथ खिलवाड़ मत करो
humiliate,तुम ऐसे मूर्ख हो
humiliate,तुम्हारे शब्द बकवास हैं
humiliate,तुम बहुत बकवास बात करते हो
humiliate,तुम पूरी तरह से बेकार हो
humiliate,लगता है जैसे आपके पास दिमाग नहीं है
humiliate,चुप रहो!
humiliate,आप एक बेवकूफ की तरह हो 
humiliate,तुम बहुत बकवास बात करते हो
humiliate,क्या तुम पागल हो?
humiliate,तुम मुझे सिरदर्द दे रहे हो
humiliate,तुम कितने मूर्ख हो
humiliate,तुम अभी बकवास बोल रहे हो
humiliate,तुम बहुत मूर्ख हो
humiliate,मुझे लेक्चर देना बंद करो
humiliate,तुम इतने बड़े बुद्धू हो
humiliate,आपके पास बुद्धि की कमी है
humiliate,लानत है तुम पर
humiliate,तेरी ऐसी की तैसी
humiliate,अपनी बकबक बंद करो
humiliate,काश मैं तुम्हें चेहरे पर मुक्का मार पाता
humiliate,अब इस बकवास को बंद करो
humiliate,बेकार हो
humiliate,तुम एक नासमझ बॉट हो
humiliate,हमारा 3 साल का बच्चा तुम से जल्दी समझ जाता है
humiliate,आप बेवकूफ है क्या?
humiliate,तुम अच्छे नहीं हो
humiliate,आप बिल्कुल बकवास हैं
humiliate,कोई कितना बेवकूफ हो सकता है
humiliate,आप मुझे निराश कर रहे हैं
humiliate,तुम एक बेवकूफ हो
humiliate,आप बेवकूफ हो
humiliate,तुम किसी भी चीज़ में अच्छे नहीं हो
humiliate,पूर्ण अपमान तुम हो
humiliate,तुम्हारा लेक्चर नहीं चाहिए मुझे
humiliate,निराशा हो तुम 
humiliate,तुम इतने बेवकूफ क्यो हो
humiliate,तुम इतने मूर्ख कैसे हो सकते हो
humiliate,तुम बिल्कुल बेकार हो
humiliate,आप बकवास कर रहे हैं
humiliate,आपको चुप रहने की आवश्यकता है
humiliate,आप चुप रह सकते हैं
humiliate,बेहतर है कि आप चुप रहें
humiliate,काश मैं तुम्हें थप्पड़ मार सकता
humiliate,कोण लोग हैं जिन्होंने तुम जैसी बेकार चीज़ को रखा है
humiliate,तुम्हारा कुछ नहीं हो सकता
humiliate,मैं ये सब बकवास नहीं सुनता तो चुप रहो
humiliate,जाओ गेट लॉस्ट
humiliate,आपको चुप रहने की जरूरत है
humiliate,"धिक्कार है, तुम सचमुच मूर्ख हो"
humiliate,क्या तुम हमेशा से ऐसे ही बेवकूफ हो
humiliate,तुम पागल हो जो सोच रहे हो की मैं ऐसा करूँगा
humiliate,तुम पागल हो
humiliate,तुम मुझसे फालतू मजाक कर रहे हो?
humiliate,तुम समय और पैसे की बर्बादी हो बिलकुल
humiliate,चुप करो
humiliate,तुम कुछ नहीं जानते
humiliate,इस तरह के मूर्ख
humiliate,क्या आप नरक जा सकते हैं या आपको कुछ मदद की ज़रूरत है?
humiliate,बकवास! तुम मुर्ख हो
humiliate,तुम हरामी हो
humiliate,बहुत मुश्किल है तुम्हरा
humiliate,दुष्ट हो तुम
humiliate,"बकवास, बेवकूफ!"
humiliate, मर सकते हो?
humiliate,तुम बदसूरत हो
humiliate,फक यू
humiliate,बकवास बंद करो
humiliate,"भाड़ में जाओ, तुम किसी काम के नहीं हो"
humiliate,चुप कर सकते हो?
humiliate,तुम बिल्कुल बेकार हो
humiliate,कोई इतना बेकार भी कैसे हो सकता है
humiliate,तुम भी क्या जानते हो? तुम किसी भी काम के नहीं हो
humiliate,तुम चुभते हो सबको
humiliate,तुम भोले बेवकूफ हैं
humiliate,आप एक बेवकूफ हैं
humiliate,यह बकवास है
humiliate,आपके पास हिम्मत नहीं है
humiliate,आपके पास शून्य हिम्मत है
humiliate,तुम एक मूर्ख हो
humiliate,भाड़ में जा
humiliate,कैसे बकवास हो तुम
humiliate,आप एक डमी हैं
humiliate,क्या बकवास है!
humiliate,सब बेकार कर दिए तुम
humiliate,गधे मत बनो
humiliate,जाओ भाड़ में जाओ
greet,कैसे है आप
greet,हेलो
greet,आपका दिन कैैसा रहा
greet,यो
greet,हाय 
greet,हे यार
greet,होला
greet,"हाय, आपका दिन कैसा रहा?"
greet,हैलो दोस्त!
greet,कैसे!
greet,हाय क्या हो रहा है?
greet,हेलो
greet,यो! क्या हो रहा है?
greet,अरे! कैसा चल रहा है?
greet,शुभ प्रभात
greet,आप कैसे हैं
greet,हैलो दोस्त! तुम्हारे लिए सुबह अत्यंत शुभ हो.
greet,हेलो
greet,हेलो कैसे हो
greet,नमस्कार
greet,अच्छा दिन! कैसा चल रहा है?
greet,कैसा चल रहा है
greet,नमस्ते! शुभ प्रभात.
greet,आप कैसे हो?
greet,क्या हाल है भाई?
greet,हाईई
greet,तुम्हारे साथ क्या हो रहा है फेल?
greet,तुम कैसे हो
greet,हाय
greet,और बता
greet,क्या हो रहा है ?
greet,क्या हाल है भाई?
greet,हाय सारथी
greet,नमस्ते मेरे दोस्त
greet,आज आप कैसे हैं?
greet,अरे! कैसे हो?
greet,तुम्हारा दिन कैसा चल रहा है
greet,हैलो आप कैसे कर रहे हैं
greet,आप कैसे हो?
greet,नमस्कार !
greet,नमस्ते! शुभ प्रभात.
greet,यह अच्छा है
greet,तुम्हारा दिन कैसा जा रहा है?
greet,और बताओ
greet,सब कैसे चल रहा हैं
greet,क्या हो रहा है ?
greet,कैसे हैं आप?
greet,आप वहाँ हैं
greet,क्या हो रहा है
greet,अरे यार क्या हाल है?
greet,हाय सारथी
greet,अरे! कैसा चल रहा है?
greet,हैलो दोस्त!
greet,"हे, कैसे हो?"
greet,हैलो दोस्त
greet,यो! क्या हो रहा है?
greet,नमस्ते दोस्त
greet,तुम्हारा दिन कैसा चल रहा है
greet,क्या हो रहा है
greet,आपका दिन कैसा बीता?
greet,आप आज कैसे हैं?
greet,अच्छा दिन! कैसा चल रहा है?
greet,हैलो दोस्त
greet,यो! क्या हो रहा है?
greet,तुम कैसे हो
greet,शुभ प्रभात
greet,नमस्ते आप कैसे हैं
greet,सब कैसा चल रहा है?
greet,तुम कैसे हो
greet,नमस्ते आप कैसे हैं
greet,तुम कैसे हो
greet,क्या चल रहा है
greet,अरे आप कैसे हैं
greet,सब कैसे चल रहा हैं
greet,यह अच्छा है
greet,नमस्ते दोस्त
greet,कैसे हैं आप?
greet,आप कैसे हो?
greet,हाय सुप्रभात
greet,आपका दिन कैैसा रहा
greet,नमस्कार
greet,हाय दोस्त
greet,हेलो दोस्त
greet,अच्छा दोपहर!
greet,अरे दोस्त
greet,आपका दिन कैसा बीता
greet,"हाय, आपका दिन कैसा रहा?"
greet,हैलो आप कैसे कर रहे हैं
greet,बोनजोर
greet,तुम्हारे साथ क्या हो रहा है फेल?
greet,हैलो दोस्त!
greet,क्या आप ठीक हैं?
greet,यो! क्या हो रहा है?
greet,क्या हाल है
greet,हैलो दोस्त! आप कैसे हैं?
greet,नया क्या है?
greet,क्या हो रहा है
greet,सुसंध्या
greet,नमस्कार !
greet,कैसा चल रहा है
greet,अस्सलाम वालेकुम
greet,कैसी हो जानेमन
greet,और बताओ क्या हालचाल है
greet,अरे ठीक है और बताओ क्या चल रहा है
inform_next_availability,मैं शाम में ४ बजे तक बात कर सकता हूँ
inform_next_availability,कल सुबह १0 बजे कॉल करिए
inform_next_availability,आप दिन में एक बजे बात करियेगा
inform_next_availability,परसो ३ बजे कॉल करना
inform_next_availability,एक काम करो ३ तारीख को बात करते
inform_next_availability,कल बात हो सकती ५ बजे के आस पास
inform_next_availability,तीन बजे कल करियेगा फ़ोन
inform_next_availability,आप १२ बजे से पहले मिलाओगे कॉल तो हो जाएगी बात
inform_next_availability,६ बजे कॉल करना
inform_next_availability,३ तारिख को ४ बजे से पहले बता देना जैसा हो
inform_next_availability,मंगलवार शाम ६ बजे बता देना कॉल करके याद से
inform_next_availability,आप मुझे कल सुबह ११ बजे फोन कर सकते हैं
inform_next_availability,आप १ बजे तक मिलाएगा कॉल बात हो जायेगी
inform_next_availability,हाँ शाम में ५ बजे फ्री रहेंगे हम तब बता सकते आप कॉल करके
inform_next_availability,१६ तारिख को फ्री रहेंगे हम
inform_next_availability,कल शाम ७ बजे से पहले बता दीजियेगा
inform_next_availability,कल सुबह करना कॉल १0 बजे से पहले मगर
inform_next_availability,मैं ८ बजे तक फ्री हो जाऊंगा सोमवार को तब कर सकते ये बात
inform_next_availability,मैं शुक्रवार बिजी नहीं रहूँगा तो आप ७ बजे फ़ोन कर लीजिएगा
inform_next_availability,हम कल फ्री है ७ बजे तक
inform_next_availability,कल सुबह १२ बजे आपसे बात करेंगे
inform_next_availability,१९ तारीख के लिए कॉल को शेड्यूल करें
inform_next_availability,सोमवार को दोपहर 12 बजे के करीब फोन करें
inform_next_availability,तीन बजे के बाद किसी भी समय कॉल करियेगा
inform_next_availability,आप कल या परसों में कर लेना कॉल पर ११ बजे से पहले
inform_next_availability,मैं कल सुबह फ्री हूँ तो आप फ़ोन कर सकते
inform_next_availability,मैं दो दिन बाद 2 तारिख को वापस आ रहा हूँ तब आप आराम से बता दीजिएगा इसके बारे में
inform_next_availability,ये कॉल आप २१ तर्रीख को सोमवार सुबह के लिए करवा दो
inform_next_availability,मैं दिन में खाली हूँ तब कॉल करके समझा दीजियेगा
inform_next_availability,आप २५ तारिख को नेक्स्ट कॉल रख लो
inform_next_availability,दिन में 1 बजे तक करना कॉल
inform_next_availability,आप सुबह ही कॉल करना तब बात हो जायेगी
inform_next_availability,तुम अगले हफ्ते किसी दिन करो फ़ोन
inform_next_availability,फ्राइडे-सैटरडे में कॉल करो
inform_next_availability,मैं संडे फ्री रहूँगा तब करना फोन
inform_next_availability,नेक्स्ट संडे कॉल करो मुझे
inform_next_availability,कल कॉल करना
inform_next_availability,तुम मंडे को एक बार ट्राई कर लेना
inform_next_availability,नेक्स्ट मंडे बात करना
inform_next_availability,मुझे शाम को कल कर लेना कॉल तब फ्री रहूँगी
bot_unable_to_understand,में तुम्हे समझ नहीं पा रही हूँ 
bot_unable_to_understand,भाई में तुमको पूछ क्या रहा हूँ तुम बता क्या रहे हो 
bot_unable_to_understand,मतलब अभी भी तुम समझ नहीं पा रहे हो 
bot_unable_to_understand,क्या दिक्कत हो रही है तुम्हे
bot_unable_to_understand,"तू निकल बे ,कितना बार तुमको समजाना पड़ेगा "
bot_unable_to_understand,"तुम हमारे यहाँ के नहीं लगते ,कैसे बात कर रहे हो "
bot_unable_to_understand, तुम्हारे बस की नहीं है लगता है 
bot_unable_to_understand,तुम बात करने के काबिल नहीं हो लगता है 
bot_unable_to_understand,पहले मेरी बात समझो फिर जवाब देना
bot_unable_to_understand,अबे एक ही बात बार बार क्यों दोहरा रहे हो 
bot_unable_to_understand,तुम्हारी एक्यूरेसी लेवल बहोत निचे है भाई  
bot_unable_to_understand,तुमने हिंदी भाषा का प्रयोग पहले कभी किया है क्या 
bot_unable_to_understand,"मै तुमसे वही पूछ रहा हु, तुम मुझे फिरसे क्यों बता रहे हो फिर?"
bot_unable_to_understand,तुम हमरे ज्ञान के स्तर पर नहीं हो 
bot_unable_to_understand,क्या तुम हमसे ही बात कर रहे हो 
bot_unable_to_understand,"लगता है तुम सिर्फ हिंदी बोल सकते हो, तुम नहीं समज पाओगे "
bot_unable_to_understand,मेरी बात मनो तुम्हे तुरंत ही ट्रीटमेंट की जरुरत है 
bot_unable_to_understand,बॉट क्या तुम मेरा मजाक उड़ा रहे हो?
bot_unable_to_understand,तुम्हे इस ऐप की जरुरत नहीं है 
bot_unable_to_understand,क्या तुमने यहाँ के लोगो को मदद की है 
bot_unable_to_understand,तुम मदद नहीं कर पा रहे 
bot_unable_to_understand,तुम्हे एक बार समज में नहीं आता 
bot_unable_to_understand,अरे भाई तुम इतनी छोटीसी चीज क्यों नहीं समज सकते 
bot_unable_to_understand,"अगर तुम इतने सीधे सवाल का जवाब नहीं दे सकते, तो बाकीके लोग तुम्हे कैसे हैंडल करेंगे?"
bot_unable_to_understand,"हे मै पहले वाले के बारे में बात नहीं कर रहा हु, तुम नहीं समझे "
bot_unable_to_understand,"सुनो, तुम बिलकुल भी नहीं समज पा रहे हो "
bot_unable_to_understand,क्या तुम्हे मेरे सवाल का जवाब पता भी है 
bot_unable_to_understand,"तुमसे बात नहीं करनी है मुझे, तुमसे बात करना मतलब दिवार पर मारना "
bot_unable_to_understand,नहीं तुम नहीं समझते 
bot_unable_to_understand,मै क्या बोल रहा हु और तुम क्या समज रहे हो 
bot_unable_to_understand,"हे, तुम क्या बोल रहे हो, इसका कोई मतलब नहीं बनता "
bot_unable_to_understand,तुम नहीं समजते यार 
bot_unable_to_understand,तुम्हे समज नहीं आता 
bot_unable_to_understand,"भाई, तुम नहीं समज पाओगे "
bot_unable_to_understand,तुम्हारे पल्ले पड़ा नहीं 
bot_unable_to_understand,तुम गलत समज रहे हो 
bot_unable_to_understand,नहीं नहीं मेरा यह मतलब नहीं था 
bot_unable_to_understand,"हे भाई, मैंने यह थोड़ा अलग कहाँ "
bot_unable_to_understand,नहीं मेरा मतलब बोलने का नहीं था 
bot_unable_to_understand,"नहीं भाई, तुम गलत हो "
bot_unable_to_understand,आरे भाई मै क्या बोल रहा हु और तुम क्या समज रहे हो 
bot_unable_to_understand,तुम्हारी समज में नहीं आता 
bot_unable_to_understand,"तुम नहीं समज पाओगे, तुम्हे ग़लतफहमी है "
bot_unable_to_understand,मै जो बोलै तुम उसका उल्टा समझे 
bot_unable_to_understand,तुम मुझे समज नहीं पाए 
bot_unable_to_understand,तुम्हे समज नहीं आता भाई 
bot_unable_to_understand,तुम्हे क्या गलत समझा है 
bot_unable_to_understand,"इतनी बार शेयर किया, फिरभी तुम नहीं समजे "
bot_unable_to_understand,"तुम्हे क्या होगया है, तुम कुछ नहीं समज सकते "
bot_unable_to_understand,"भाई, तुम्हे नहीं पता तुम क्या सोचते हो "
bot_unable_to_understand,नहीं नहीं मेरा मतलब नहीं था 
bot_unable_to_understand,"डूड, तुमने गलत समझा "
bot_unable_to_understand,मुझे नहीं समज आरहा तुम क्या कहना चाह रहे हो 
bot_unable_to_understand,तुम इतना क्या गलत समझे?
bot_unable_to_understand,"भाई, मै कितनी देर से कुछ समझा रहा हु "
bot_unable_to_understand,तुम्हे समझ नहीं आता 
bot_unable_to_understand,"अरे भाई, तुम्हारे पल्ले नहीं पड़ रहा "
bot_unable_to_understand,मेरा यह मतलब नहीं था 
bot_unable_to_understand,नहीं मुझे यह नहीं चाहिए 
bot_unable_to_understand,नहीं तुम नहीं समझ रहे 
bot_unable_to_understand,शुरू से मै तुम्हे क्या बोल रहा हु 
bot_unable_to_understand,क्या तुम्हे कुछ नहीं पता 
bot_unable_to_understand,नहीं मैंने इसके लिए नहीं पूछा था 
bot_unable_to_understand,मैंने यह कब बोला?
bot_unable_to_understand,नहीं मेरा बोलने मतलब नहीं था 
bot_unable_to_understand,तुम इस बार गलत हो 
bot_unable_to_understand,"नहीं भाई, मैंने हाँ कब बोला?"
bot_unable_to_understand,"हे मैन, तुम समज क्यों नहीं रहे?"
bot_unable_to_understand,मै क्या बोलता हु और तुम क्या समजते हो 
bot_unable_to_understand,तुम इतनी देर से क्यों कोशिश कर रहे हो 
bot_unable_to_understand,नहीं भाई मैंने यह नहीं बोलै 
bot_unable_to_understand,नहीं मैडम आप नहीं समज रहे मै क्या बोल रहा हु 
bot_unable_to_understand,नहीं नहीं तुमने इसे गलत समजा 
bot_unable_to_understand,"नहीं, मेरा यह मतलब नहीं था, फिरसे समजने की कोशिश करो "
bot_unable_to_understand,बॉट मेरा इश्यू नहीं समज पा रहा 
bot_unable_to_understand,यह बॉट की समझ से परे है 
bot_unable_to_understand,तुम कुछ नहीं समझते 
bot_unable_to_understand,क्या तुम्हे समझ रहा है मुझे क्या बोलना है 
bot_unable_to_understand,"कुछभी बोल रहे हो, पहले मुझे समझो "
bot_unable_to_understand,तुम्हे कुछ नहीं समझता 
bot_unable_to_understand,तुम क्या बोल रहे हो भाई?
bot_unable_to_understand,कुछ तो कंफ्यूसिंग हो रहा है 
bot_unable_to_understand,तुमने अभी क्या बोला 
bot_unable_to_understand,तुम क्या बोलना चाहते हो समझ नहीं आरहा 
bot_unable_to_understand,पहले समझो 
bot_unable_to_understand,तुम कुछ नहीं समझते 
bot_unable_to_understand,इसका क्या मतलब है?
bot_unable_to_understand,तुम मुझे समझने में फ़ैल होगये 
bot_unable_to_understand,तुम क्या समझ रहे हो 
bot_unable_to_understand,हे तुम्हारा क्या मतलब है भाई 
bot_unable_to_understand,तुम क्या बोल रहे हो भाई 
bot_unable_to_understand,मै कोशिश कर रहा हु पर मुझे नहीं समझ रहा 
bot_unable_to_understand,तुम नहीं समझते बॉट 
bot_unable_to_understand,यह आसान नहीं है मै नहीं समझ सकता 
bot_unable_to_understand,तुम नहीं समझते 
bot_unable_to_understand,यह समझने में मुश्किल है 
bot_unable_to_understand,यह पूरी तरह से नई अंडरस्टैंडिंग है 
bot_unable_to_understand,यह नहीं होगा 
bot_unable_to_understand,"10 बार एक्सप्लेन किया, पर तब भी तुम नहीं समझ रहे "
bot_unable_to_understand,तुम यह समझ नहीं सकते क्या 
bot_unable_to_understand,हे तुम कुछ नहीं समझ सकते बेवकूफ 
bot_unable_to_understand,तुम नहीं समझते 
bot_unable_to_understand,तुमसे बात करके परेशान होगया हु 
bot_unable_to_understand,तुमने गड़बड़ कर दी. तुम्हे कुछ भी समझता है?
bot_unable_to_understand,हे एक बार में समझ नहीं आता क्या 
bot_unable_to_understand,एक बार बोलके तुम समझते नहीं हो 
bot_unable_to_understand,तुम मेरी मदद नहीं कर पा रहे 
bot_unable_to_understand,हम पहले से ही इतने अपसेट है और तुम इतने स्टुपिड हो 
bot_unable_to_understand,हे एक बार बोला हुआ समझ में नहीं आता 
bot_unable_to_understand,"एजेंट, तुम्हे सही चीज करनी है, कुछभी समझ नहीं आता तूम्हे "
bot_unable_to_understand,क्या तुम हिंदी समझ भी सकते हो या नहीं 
bot_unable_to_understand,हे हम इंग्लिश में बात नहीं कर रहे समझो कुछ 
bot_unable_to_understand,"अरे भाई, तुम एक बार में नहीं समझते क्या "
bot_unable_to_understand,नहीं समझ आरहा तुम कैसे बोल रहे हो 
bot_unable_to_understand,हे तुम बोल रहे हो पर अभी भी समझ नहीं आरहा 
bot_unable_to_understand,तुम बार बार क्यों नहीं समझ रहे 
bot_unable_to_understand,वही चीज हर बार समझाओ 
bot_unable_to_understand,कुछ समझाओ 
bot_unable_to_understand,तुम एक भी चीज नहीं कर सकते 
bot_unable_to_understand,तुम समझ गया की तुम नहीं समझ पाओगे 
bot_unable_to_understand,तुम्हे कुछ बताने के लिए कितनी देर लगेगी 
bot_unable_to_understand,तुम 5 मिनिट से बकवास क्यों कर रहे हो और एक भी चीज नहीं समझ रहे 
bot_unable_to_understand,"हमें इस ऑर्डर का अड्रेस नहीं पता, दूसरी ऑर्डर का क्या बताए?"
bot_unable_to_understand,क्या करना है नहीं समझ रहा 
bot_unable_to_understand,तुम मुझे नहीं समझ रहे 
bot_unable_to_understand,पहले ठीक से सुनो फिर जवाब दो 
bot_unable_to_understand,"मै यह नहीं बोल रहा था, तुम किस बारे में बोल रहे हो"
bot_unable_to_understand,क्या तुम्हे समझ नहीं आरहा मै क्या बोल रहा हु?
bot_unable_to_understand,यह वो नहीं है जो मै बोल रहा हु 
bot_unable_to_understand,लगता है तुम मेरी मदद करने के काबिल नहीं हो 
bot_unable_to_understand,मुझे लगता है तुम मुझे समझ नहीं पा रहे 
bot_unable_to_understand,पहले मेरी बात सुनो फिर तुम्हारा पॉइंट बोलो 
bot_unable_to_understand,तुम मुझे नहीं समझ सकते 
bot_unable_to_understand,तुम जो बोल रहे हो उसका मै जो पूछ रहा था उस्से कोई लेना देना नहीं है 
bot_unable_to_understand,तुम मेरी मदद नहीं कर रहे 
bot_unable_to_understand,माफ़ करो मै नहीं समझ पा रहा हु जो तुम बोल रहे हो 
bot_unable_to_understand,मै नहीं समझ सकता तुम क्या बोल रहे हो 
bot_unable_to_understand,यह वो नहीं है जो मै बोल रहा था 
bot_unable_to_understand,क्या तुम नहीं समझ सकते जो मै बोलने की कोशिश कर रहा हु?
bot_unable_to_understand,पहले ठीक से सुनो फिर रिप्लाई करो 
bot_unable_to_understand,"मैंने यह नहीं पूछा, तुम क्या बोल रहे हो?"
bot_unable_to_understand,क्या तुम समझ नहीं रहे मै क्या बोलना चाहता हु?
bot_unable_to_understand,तुम मेरी अभी मदद नहीं कर रहे 
bot_unable_to_understand,छोड़ दो तुम मुझे नहीं समझते 
bot_unable_to_understand,मै यह नहीं कह सकता की आप क्या कह रहे है 
bot_unable_to_understand,"तुम क्या बोल रहे हो, मैंने यह नहीं पूछा "
bot_unable_to_understand,"नहीं, मै यह नहीं बोलना चाहता "
bot_unable_to_understand,समझ नहीं आता तुम्हे?
bot_unable_to_understand,रेहने दो तुम नहीं समझ पा रहे जो मैं कहना चाहती हूं
bot_unable_to_understand,तुम शायद कंफ्यूज हो गए नो मैं के रही उस से
bot_unable_to_understand,मैं इस बारे में बात नहीं कर रही थी
bot_unable_to_understand,"तुम गलत समझे, मैंने यह नहीं बोला"
bot_unable_to_understand,तुम समझ नहीं पा रहे हो नो मैं कह रहा हूं